Data Source,World Development Indicators,,,,,,,,,,,,,,,,,,,,,,,,,,,,,,,,,,,,,,,,,,,,,,,,,,,,,,,,,,,,,,,,
,,,,,,,,,,,,,,,,,,,,,,,,,,,,,,,,,,,,,,,,,,,,,,,,,,,,,,,,,,,,,,,,,
Last Updated Date,2022/9/16,,,,,,,,,,,,,,,,,,,,,,,,,,,,,,,,,,,,,,,,,,,,,,,,,,,,,,,,,,,,,,,,
,,,,,,,,,,,,,,,,,,,,,,,,,,,,,,,,,,,,,,,,,,,,,,,,,,,,,,,,,,,,,,,,,
Country Name,Country Code,Indicator Name,Indicator Code,1960,1961,1962,1963,1964,1965,1966,1967,1968,1969,1970,1971,1972,1973,1974,1975,1976,1977,1978,1979,1980,1981,1982,1983,1984,1985,1986,1987,1988,1989,1990,1991,1992,1993,1994,1995,1996,1997,1998,1999,2000,2001,2002,2003,2004,2005,2006,2007,2008,2009,2010,2011,2012,2013,2014,2015,2016,2017,2018,2019,2020,2021
Aruba,ABW,"Mortality rate, infant, male (per 1,000 live births)",SP.DYN.IMRT.MA.IN,,,,,,,,,,,,,,,,,,,,,,,,,,,,,,,,,,,,,,,,,,,,,,,,,,,,,,,,,,,,,,
Africa Eastern and Southern,AFE,"Mortality rate, infant, male (per 1,000 live births)",SP.DYN.IMRT.MA.IN,,,,,,,,,,,,,,,,,,,,,,,,,,,,,,,109.8154612,108.7698045,107.7284391,106.7056675,106.7426645,103.9939064,102.3083231,100.2663996,97.9316331,95.37335797,92.50264823,89.33892273,86.04280077,82.75190789,79.5992449,76.47597578,73.60341101,70.80267312,68.10694945,65.54860353,63.20748398,60.9304151,58.83095317,56.96606976,55.28117073,53.68036226,52.1014806,50.61209015,49.15321881,47.8526209,46.61979979,
Afghanistan,AFG,"Mortality rate, infant, male (per 1,000 live births)",SP.DYN.IMRT.MA.IN,,248.4,244.3,240,235.9,231.7,227.7,223.6,219.6,215.6,211.5,207.5,203.5,199.5,195.1,191,186.9,182.7,178.5,174.1,169.6,165.2,160.7,156.3,152,147.8,143.5,139.2,134.8,130.6,126.5,122.7,119,115.7,112.5,109.4,106.7,103.8,101,98.3,95.6,92.9,90.1,87.3,84.6,81.7,78.9,76.1,73.3,70.6,67.9,65.4,63,60.8,58.6,56.5,54.6,52.8,51.1,49.6,48.1,
Africa Western and Central,AFW,"Mortality rate, infant, male (per 1,000 live births)",SP.DYN.IMRT.MA.IN,,,,,,,,,,,,,,,,,,,,,,,,,,,,,,,122.5598793,121.8249202,120.9353875,120.0222078,118.9604435,117.6585694,116.0740477,114.1994582,112.1382204,109.6943206,107.0566396,104.376592,101.6279019,98.87806159,96.19564211,93.48582382,90.88586237,88.37436824,86.00482023,83.86635716,81.8686797,80.10468907,78.40524886,76.87102072,75.45270659,74.09688408,72.66522695,71.19211872,69.63935218,68.01321455,66.38735411,
Angola,AGO,"Mortality rate, infant, male (per 1,000 live births)",SP.DYN.IMRT.MA.IN,,,,,,,,,,,,,,,,,,,,,150.2,148.4,146.9,145.2,144,142.8,142.1,141.6,141.3,141.2,141.1,141,141.1,141.2,141.2,140.8,139.9,138.5,136.4,133.9,131,127.5,123.6,119.2,114.5,109.5,104,98.6,93.4,88,83,78.3,73.9,69.8,66.5,63.5,60.9,58.9,56.9,55.2,53.4,
Albania,ALB,"Mortality rate, infant, male (per 1,000 live births)",SP.DYN.IMRT.MA.IN,,,,,,,,,,,,,,,,,,,85.5,79.4,73.9,68.7,64,59.6,55.7,52.3,49.2,46.4,44,41.9,40.1,38.6,37.2,36,34.8,33.6,32.5,31.3,30.1,28.8,27.5,26.2,24.9,23.5,22,20.6,19.1,17.5,16.1,14.6,13.3,12.1,11.1,10.3,9.8,9.4,9.2,9.2,9.3,9.5,9.7,
Andorra,AND,"Mortality rate, infant, male (per 1,000 live births)",SP.DYN.IMRT.MA.IN,,,,,,,,,,,,,,,,,,,,,,,,,,18.1,17.1,16.2,15.3,14.5,13.8,13,12.4,11.7,11.1,10.6,10,9.5,9,8.6,8.1,7.7,7.2,6.9,6.5,6.2,5.8,5.5,5.2,4.8,4.6,4.3,4.1,3.8,3.6,3.4,3.2,3.1,2.9,2.7,2.6,
Arab World,ARB,"Mortality rate, infant, male (per 1,000 live births)",SP.DYN.IMRT.MA.IN,,,,,,,,,,,,,,,,,,,,,,,,,,,,,,,62.12632475,60.39874195,58.81285234,57.32843003,55.89385446,54.5117353,53.10468736,51.74905904,50.36592329,48.99614281,47.61276973,46.24127903,44.896216,43.52296192,42.17217441,40.86583964,39.56735747,38.24797006,36.93915204,35.75566564,34.66824599,33.72708591,33.20632241,32.51219507,31.81843336,31.10904676,30.46722831,29.64713725,29.16055801,28.58566605,28.04050211,
United Arab Emirates,ARE,"Mortality rate, infant, male (per 1,000 live births)",SP.DYN.IMRT.MA.IN,142.6,136,129.7,123.3,116.9,110.2,103.4,96.6,89.7,83.1,76.7,70.6,65,59.9,55.1,50.6,46.3,42.4,38.7,35.4,32.4,29.7,27.2,25.1,23.3,21.7,20.3,19,17.9,16.8,15.9,15.1,14.3,13.7,13.1,12.6,12.1,11.7,11.3,11,10.7,10.4,10.1,9.9,9.6,9.4,9.2,9,8.7,8.5,8.2,8,7.8,7.6,7.4,7.2,7,6.8,6.6,6.4,6.2,
Argentina,ARG,"Mortality rate, infant, male (per 1,000 live births)",SP.DYN.IMRT.MA.IN,,,,,,,,,,63.1,62.5,62,61.3,60.3,58.8,56.7,54.1,50.9,47.4,44,40.7,37.7,35.3,33.3,31.2,29.8,28.9,28.5,28.4,28.3,28,27.5,26.6,25.7,24.8,23.7,22.8,21.8,21,20.1,19.4,18.7,18,17.4,16.8,16.3,15.9,15.5,15.1,14.7,14.2,13.6,13,12.4,11.8,11.3,10.7,10.2,9.7,9.2,8.6,
Armenia,ARM,"Mortality rate, infant, male (per 1,000 live births)",SP.DYN.IMRT.MA.IN,,,,,,,,,,,,,,,,,76.4,73.7,71.1,68.5,66.1,63.8,61.6,59.4,57.4,55.4,53.5,51.6,63.2,47.9,46.1,44.4,42.6,40.8,39,37.3,35.7,34.1,32.6,31.1,29.7,28.4,27,25.8,24.5,23.3,22.2,21.1,20,19,18.1,17.1,16.3,15.4,14.6,13.9,13.2,12.5,11.9,11.3,10.7,
American Samoa,ASM,"Mortality rate, infant, male (per 1,000 live births)",SP.DYN.IMRT.MA.IN,,,,,,,,,,,,,,,,,,,,,,,,,,,,,,,,,,,,,,,,,,,,,,,,,,,,,,,,,,,,,,
Antigua and Barbuda,ATG,"Mortality rate, infant, male (per 1,000 live births)",SP.DYN.IMRT.MA.IN,66.3,62.1,57.4,52.6,47.7,43,38.6,34.6,31.1,28.1,25.6,23.5,21.9,20.5,19.3,18.2,17.1,16.1,15.2,14.3,13.6,13,12.4,12,11.8,11.6,11.5,11.5,11.6,11.8,12,12.3,12.6,13,13.3,13.6,13.9,14,14,13.9,13.7,13.4,13,12.5,12,11.5,11,10.5,10,9.5,9,8.5,8.1,7.7,7.3,7,6.7,6.4,6.2,6,5.8,
Australia,AUS,"Mortality rate, infant, male (per 1,000 live births)",SP.DYN.IMRT.MA.IN,22.7,22.2,21.8,21.3,20.9,20.6,20.5,20.4,20.4,20.3,20.1,19.6,19,18.2,17.2,16.2,15.1,14.2,13.3,12.6,12.1,11.6,11.3,11,10.7,10.4,10.2,9.8,9.4,9,8.5,8,7.5,7,6.7,6.4,6.2,6,5.9,5.7,5.6,5.5,5.4,5.4,5.3,5.2,5.1,5,4.8,4.6,4.4,4.2,3.9,3.8,3.6,3.5,3.5,3.5,3.4,3.4,3.4,
Austria,AUT,"Mortality rate, infant, male (per 1,000 live births)",SP.DYN.IMRT.MA.IN,41.6,39.1,36.8,34.8,33.2,31.8,30.8,29.8,29.1,28.6,28.4,28.1,27.4,26.3,24.6,22.4,20.4,18.7,17.5,16.5,15.7,15,14.3,13.5,12.8,12.1,11.3,10.6,9.9,9.3,8.9,8.5,8,7.4,6.8,6.3,5.8,5.5,5.3,5.1,5,5,4.9,4.8,4.6,4.5,4.3,4.2,4.1,4,3.9,3.8,3.6,3.5,3.4,3.3,3.2,3.2,3.2,3.2,3.2,
Azerbaijan,AZE,"Mortality rate, infant, male (per 1,000 live births)",SP.DYN.IMRT.MA.IN,,,,,,,,,,,,,,,,,,,,,,,91.9,89.9,88.1,86.5,84.9,83.6,82.6,81.8,81.5,81.6,81.7,81.8,81.4,80.5,78.9,76.4,73.3,69.6,65.7,61.7,57.8,54.1,50.9,47.8,45,42.4,40,37.7,35.5,33.3,31.2,29.2,27.3,25.5,23.9,22.3,21.1,20,19,
Burundi,BDI,"Mortality rate, infant, male (per 1,000 live births)",SP.DYN.IMRT.MA.IN,,,,,152.2,153.6,154.9,156.1,157.2,158.3,159,159.4,174.8,160,160.1,159.8,159.1,157.2,153.8,149.2,143.3,137,130.7,124.5,119.1,115.1,112.4,111,110.6,111,111.7,112.5,113,118,113.1,112.5,111.6,110,107.8,105.5,102.7,99.8,96.8,93.5,89.9,85.9,81.5,77.2,73.1,69.1,65.5,62,58.8,55.8,53.2,50.9,49,47.2,45.7,44.2,42.8,
Belgium,BEL,"Mortality rate, infant, male (per 1,000 live births)",SP.DYN.IMRT.MA.IN,33.1,31.6,30.3,29.1,28,26.9,26.1,25.4,24.8,24.2,23.4,22.4,21.2,20,18.9,17.8,16.9,16,15.3,14.6,13.9,13.4,12.7,12.2,11.6,11.2,10.9,10.5,10.2,9.8,9.5,9.2,8.8,8.3,7.8,7.2,6.6,6.2,5.8,5.6,5.3,5.1,5,4.8,4.6,4.5,4.4,4.3,4.2,4.1,4.1,4,3.9,3.8,3.7,3.7,3.7,3.7,3.8,3.8,3.8,
Benin,BEN,"Mortality rate, infant, male (per 1,000 live births)",SP.DYN.IMRT.MA.IN,197.2,194,190.8,187.6,184.2,180.9,177.5,174.4,171.4,168.6,165.9,162.8,159.8,156.8,153.7,150.6,147.4,144.2,141.2,138.5,135.8,133.3,130.7,128.4,126,123.5,121.1,118.7,116.2,113.8,111.5,109.2,106.9,104.6,102.3,100.2,98.3,96.4,94.5,92.9,91.2,89.5,87.6,85.8,84,82.4,80.9,79.3,78,76.8,75.5,74.3,73,71.7,70.4,69.1,67.7,66.3,64.9,63.4,61.9,
Burkina Faso,BFA,"Mortality rate, infant, male (per 1,000 live births)",SP.DYN.IMRT.MA.IN,167.1,165.5,164.1,162.7,161.4,160.1,159,158,157,156.1,154.9,153.4,151.5,148.9,145.5,141.4,137.1,132.9,129,125.7,122.9,120.5,118.3,116.4,114.5,112.6,110.8,109.1,107.8,106.8,106.1,105.8,105.6,105.4,104.9,104.1,103,101.7,100.4,99,97.5,95.9,94.1,92,89.7,87,84.1,81.2,78.4,75.8,73.5,71.6,69.7,67.9,66.3,64.6,63.1,61.6,60.1,58.8,57.5,
Bangladesh,BGD,"Mortality rate, infant, male (per 1,000 live births)",SP.DYN.IMRT.MA.IN,187.6,183.1,178.8,175.1,171.8,169.1,166.8,165.2,164.2,163.6,180.4,221.7,162.6,162.1,161.1,159.9,158,155.6,152.9,149.9,146.7,143.2,139.7,136.1,132.4,128.7,124.9,120.9,116.7,112.6,108.5,104.3,99.9,95.6,91.3,87.2,83.1,78.9,74.9,71.1,67.4,64,60.9,58,55.3,52.7,50.2,47.9,45.6,43.4,41.4,39.4,37.6,35.9,34.3,32.8,31.2,29.8,28.4,27.1,25.9,
Bulgaria,BGR,"Mortality rate, infant, male (per 1,000 live births)",SP.DYN.IMRT.MA.IN,49.2,43.7,39.7,37,35.5,34.7,34.3,33.9,33.4,32.4,31,29.6,28.7,28.2,27.8,27.3,26.7,25.7,24.4,23.2,22.1,21.1,20.3,19.5,18.6,17.6,16.7,16.1,15.8,15.9,16.4,16.9,17.2,17.2,17.2,17.3,17.5,17.4,17.1,16.6,16,15.3,14.6,13.9,13.1,12.2,11.4,10.9,10.6,10.3,10,9.6,9.1,8.6,8,7.6,7.1,6.8,6.4,6,5.6,
Bahrain,BHR,"Mortality rate, infant, male (per 1,000 live births)",SP.DYN.IMRT.MA.IN,135,124.3,115.1,106.3,97.9,90.1,82.8,75.9,69.7,63.9,58.7,53.9,49.5,45.5,41.9,38.8,36,33.5,31.4,29.5,27.7,26.2,24.9,23.8,22.7,21.8,21.1,20.7,20.3,20.2,20,19.7,19.2,18.4,17.3,16,14.6,13.4,12.4,11.6,11,10.6,10.3,10,9.7,9.4,9.1,8.7,8.3,7.9,7.5,7.2,7,6.9,6.8,6.7,6.6,6.5,6.3,6.2,6,
"Bahamas, The",BHS,"Mortality rate, infant, male (per 1,000 live births)",SP.DYN.IMRT.MA.IN,,,,,,,,,26.5,26.9,27.4,27.8,28.1,28.3,28.4,28.3,28.1,27.8,27.4,27,26.6,26.2,25.9,25.7,25.5,25.2,24.8,24.2,23.3,22.4,21.4,20.5,19.5,18.6,17.7,16.9,16.2,15.6,15.1,14.9,14.8,14.9,15.1,15.2,15.4,15.4,15.3,15.1,14.8,14.5,14.2,13.9,13.6,13.3,13.1,12.8,12.5,12.2,11.9,15.3,11.2,
Bosnia and Herzegovina,BIH,"Mortality rate, infant, male (per 1,000 live births)",SP.DYN.IMRT.MA.IN,,,,,,,,,,,,,,,,,,,,,,,,,28.8,26.5,24.4,22.5,20.8,19.2,17.8,16.5,23.2,22.4,18.3,13.1,11.9,11.3,10.7,10.1,9.6,9.3,9.1,8.9,8.8,8.6,8.3,8,7.6,7.2,6.9,6.6,6.4,6.2,6.1,5.9,5.8,5.7,5.7,5.5,5.4,
Belarus,BLR,"Mortality rate, infant, male (per 1,000 live births)",SP.DYN.IMRT.MA.IN,,,,,,,,,,,,,,,,,,,,,19.8,19,18.2,17.5,16.9,16.3,15.8,15.2,14.7,14.2,14,13.9,14,14.2,14.2,14.2,14,13.7,13.1,12.3,11.4,10.5,9.7,9,8.3,7.7,7,6.3,5.7,5.2,4.8,4.4,4.1,3.9,3.7,3.5,3.3,3.1,2.8,2.6,2.4,
Belize,BLZ,"Mortality rate, infant, male (per 1,000 live births)",SP.DYN.IMRT.MA.IN,,,,,,,,85.2,82.1,79.2,76.2,73.3,70.5,68.1,65.8,63.6,61.5,59.5,57.7,55.8,54,52.2,50.4,48.5,46.6,44.5,42.5,40.5,38.4,36.4,34.4,32.5,30.8,29.3,27.9,26.7,25.6,24.6,23.6,22.8,22,21.4,20.8,20.3,20,19.6,19.3,19,18.6,18.2,17.7,17.2,16.6,15.9,15.2,14.4,13.7,12.9,12.2,11.5,11,
Bermuda,BMU,"Mortality rate, infant, male (per 1,000 live births)",SP.DYN.IMRT.MA.IN,,,,,,,,,,,,,,,,,,,,,,,,,,,,,,,,,,,,,,,,,,,,,,,,,,,,,,,,,,,,,,
Bolivia,BOL,"Mortality rate, infant, male (per 1,000 live births)",SP.DYN.IMRT.MA.IN,191.1,187.7,184.3,181,177.7,174.3,170.9,167.4,164,160.6,157.1,153.5,149.7,145.9,142.1,138.3,134.4,130.7,127.2,123.9,120.8,117.9,114.9,111.9,109,105.9,103,99.9,96.9,93.7,90.6,87.6,84.5,81.5,78.5,75.4,72.5,69.5,66.5,63.4,60.4,57.5,54.7,52,49.4,46.9,44.5,42.3,40.1,38,36.1,34.2,32.5,30.8,29.3,27.9,26.7,25.6,24.6,23.7,22.9,
Brazil,BRA,"Mortality rate, infant, male (per 1,000 live births)",SP.DYN.IMRT.MA.IN,140,136.7,133.5,130.4,127.6,125,122.6,120.4,118.1,115.6,113.1,110.5,107.8,105.3,102.6,99.9,97.2,94.2,91.2,87.8,84.4,81,77.6,74.5,71.8,69.1,66.7,64.4,62.2,60.2,58,55.8,53.4,50.8,48.1,45.5,42.9,40.5,38.1,35.9,33.8,31.8,29.8,28,26.3,24.6,23.1,21.7,20.6,19.5,18.6,17.8,17.2,16.7,16.3,15.9,16.6,15.3,15.1,14.9,14.6,
Barbados,BRB,"Mortality rate, infant, male (per 1,000 live births)",SP.DYN.IMRT.MA.IN,75.6,70.5,66.1,62.3,59,55.9,53.3,51,48.9,46.8,44.7,42.6,40.6,38.6,36.5,34.6,32.6,30.8,29,27.4,25.9,24.6,23.5,22.6,21.9,21.2,20.6,19.9,19.2,18.5,17.7,17,16.3,15.7,15.2,14.8,14.6,14.5,14.5,14.6,14.8,15,15.3,15.4,15.5,15.5,15.4,15.3,15.2,15.1,15,14.9,14.8,14.6,14.4,14.1,13.8,13.4,13.1,12.8,12.4,
Brunei Darussalam,BRN,"Mortality rate, infant, male (per 1,000 live births)",SP.DYN.IMRT.MA.IN,92.9,83.8,75.1,67.5,61.1,56.3,52.7,49.9,47.5,45.1,42.5,39.6,36.5,33.2,30,27.1,24.5,22.2,20.2,18.4,16.9,15.6,14.5,13.6,12.8,12.2,11.8,11.4,11.2,11.1,11.1,11.1,11.1,11,10.8,10.5,10.2,9.8,9.5,9.1,8.9,8.6,8.5,8.4,8.3,8.3,8.3,8.3,8.4,8.4,8.6,8.7,8.9,9.1,9.3,9.5,9.8,10,10.2,10.4,10.5,
Bhutan,BTN,"Mortality rate, infant, male (per 1,000 live births)",SP.DYN.IMRT.MA.IN,,,,,,,,,,198.9,192.6,186.5,180.4,174.5,168.8,163.2,157.7,152.4,147.4,142.4,137.5,132.8,127.9,123.3,119,114.7,110.5,106.3,102.3,98.2,94.4,90.6,87.1,83.6,80.1,76.8,73.5,70.3,67.2,64.2,61.3,58.5,55.8,53.2,50.6,48.1,45.6,43.3,41,38.9,36.9,35.2,33.6,32.2,31,29.9,28.9,27.9,27,26.1,25.3,
Botswana,BWA,"Mortality rate, infant, male (per 1,000 live births)",SP.DYN.IMRT.MA.IN,123.2,120,116.9,113.9,110.9,108.1,105.3,102.4,99.6,96.7,93.6,90.4,87,83.5,79.9,76.3,72.8,69.3,65.9,62.8,59.8,56.9,54.3,51.8,49.4,47.2,45.2,43.5,42.4,41.7,41.7,42.2,43.2,44.2,45.3,46.4,47.5,48.4,49.2,49.6,49.1,48.5,47.7,46.9,45.9,42.4,41.6,43.1,43.9,43.7,43.1,44.9,43.8,43,43.7,43.2,43,41.8,41.1,40.4,39.5,
Central African Republic,CAF,"Mortality rate, infant, male (per 1,000 live births)",SP.DYN.IMRT.MA.IN,173.3,170.7,168,165.3,162.6,159.7,156.8,153.8,150.8,147.9,145.1,142.6,140.5,138.4,136.6,134.7,133.1,131.5,130,128.8,127.6,126.8,125.8,125.1,124.6,124.1,123.7,123.5,123.6,124,124.2,124.1,123.6,123,122.4,121.8,121.1,120.3,119.5,118.6,117.8,117.1,116.3,115.5,114.7,113.9,112.5,111.5,110.1,108.1,106.4,104,101.7,100.1,97.4,94.9,92.3,90.4,88.1,85.5,83.7,
Canada,CAN,"Mortality rate, infant, male (per 1,000 live births)",SP.DYN.IMRT.MA.IN,31.2,30.1,29,28,26.9,25.7,24.6,23.5,22.6,21.7,20.7,19.8,18.7,17.7,16.7,15.7,14.8,13.9,13,12.3,11.5,10.8,10.2,9.7,9.2,8.9,8.6,8.4,8.1,7.8,7.5,7.3,7,6.8,6.6,6.3,6.2,6,5.9,5.8,5.7,5.7,5.7,5.7,5.7,5.6,5.6,5.5,5.5,5.4,5.3,5.3,5.2,5.1,5.1,5,4.9,4.9,4.8,4.8,4.7,
Central Europe and the Baltics,CEB,"Mortality rate, infant, male (per 1,000 live births)",SP.DYN.IMRT.MA.IN,,,,,,,,,,,,,,,,,,,,,,,,,,,,,,,18.07839865,17.46730724,16.88254294,16.35938042,15.79447975,15.11560943,14.37909332,13.56450856,12.7715035,12.02010518,11.37468445,10.83247424,10.46820962,10.17073518,9.762767503,9.234215788,8.675114621,8.130732868,7.646843195,7.186247407,6.817242246,6.450829698,6.160009328,5.867810246,5.564257097,5.277407796,5.030463617,4.802172158,4.589648874,4.426437598,4.272865442,
Switzerland,CHE,"Mortality rate, infant, male (per 1,000 live births)",SP.DYN.IMRT.MA.IN,24.5,24,23.4,22.6,21.8,20.8,19.9,19.1,18.4,17.7,17,16.2,15.4,14.6,13.6,12.7,11.9,11.1,10.4,9.9,9.4,9.1,8.8,8.5,8.3,8.1,8,7.9,7.8,7.6,7.4,7.1,6.7,6.4,6.1,5.8,5.6,5.4,5.3,5.2,5.1,5.1,5,4.9,4.8,4.6,4.5,4.4,4.4,4.3,4.2,4.2,4.1,4.1,4.1,4,4,3.9,3.9,3.8,3.8,
Channel Islands,CHI,"Mortality rate, infant, male (per 1,000 live births)",SP.DYN.IMRT.MA.IN,,,,,,,,,,,,,,,,,,,,,,,,,,,,,,,,,,,,,,,,,,,,,,,,,,,,,,,,,,,,,,
Chile,CHL,"Mortality rate, infant, male (per 1,000 live births)",SP.DYN.IMRT.MA.IN,139.8,132.4,127,121.3,113.4,103.5,93.5,84.8,78.2,73.9,72.1,71,70.5,68.8,64.9,59,51.8,44.9,38.9,34,30.5,27.6,25,22.8,21.3,20.7,20.6,20.3,19.8,18.9,17.7,16.3,15,13.8,12.8,12.1,11.6,11.3,11.1,10.7,10.1,9.5,9.1,8.8,8.6,8.5,8.3,8.3,8.2,8.2,8,7.9,7.8,7.6,7.5,7.3,7.1,6.9,6.7,6.5,6.3,
China,CHN,"Mortality rate, infant, male (per 1,000 live births)",SP.DYN.IMRT.MA.IN,,,,,,,,,,86.9,83.1,79.5,75.8,72.1,68.4,64.6,60.9,57.5,54.3,51.6,49.3,47.4,45.9,44.9,44.2,44,44,44.2,44.6,44.7,44.8,44.6,43.9,43,41.8,40.4,38.9,37.2,35.5,33.6,31.6,29.4,27.1,24.9,22.7,20.7,18.8,17.2,15.8,14.5,13.3,12.3,11.3,10.4,9.6,8.8,8.1,7.4,6.8,6.3,5.8,
Cote d'Ivoire,CIV,"Mortality rate, infant, male (per 1,000 live births)",SP.DYN.IMRT.MA.IN,231.7,225.8,220,214.4,209.1,203.4,198,192.7,187.3,182.1,176.7,171.4,165.6,159.6,153.8,147.9,142.4,137.3,132.7,128.7,125.4,122.6,120.3,118.5,117,115.7,114.9,114.2,114,113.7,113.5,113.2,112.9,112.6,112.2,111.6,110.6,109.5,108.1,106.5,104.8,102.9,100.9,98.8,96.7,94.4,92.5,90.2,87.8,85.5,83.3,81.4,79.3,77.1,75.1,73.3,71.8,70.1,68.3,66.2,64.5,
Cameroon,CMR,"Mortality rate, infant, male (per 1,000 live births)",SP.DYN.IMRT.MA.IN,175.5,171.3,167.9,165,161.9,158.3,154.1,149.3,144,138.7,133.8,129.8,126.8,124.8,123.5,122.9,122.4,121.8,120.8,119.1,116.8,113.8,110.5,107,103.4,100,97,94.6,93,92.3,92.3,93.2,94.6,96.1,97.4,98.3,98.8,98.9,98.4,97.2,95.5,93.5,91.3,89.1,87,85.3,83.3,81.6,79.6,77.9,75.2,73,70.4,67.6,65.3,62.6,60.7,58.5,56.5,55,53.2,
"Congo, Dem. Rep.",COD,"Mortality rate, infant, male (per 1,000 live births)",SP.DYN.IMRT.MA.IN,,,,,,,,,,159.1,157.4,155.6,153.9,152.1,150.5,148.7,146.9,145,143.3,141.5,139.7,138.1,136.5,135.1,133.7,132.5,131.2,130,128.8,127.7,126.6,125.5,124.6,123.7,122.8,122,121.1,119.9,118.5,116.7,114.8,112.6,110.3,107.9,105.5,103,100.4,97.9,95.4,93,90.5,88.1,85.8,83.6,81.5,79.3,77.2,75.2,73.2,71.3,69.5,
"Congo, Rep.",COG,"Mortality rate, infant, male (per 1,000 live births)",SP.DYN.IMRT.MA.IN,124.2,119.7,115.8,112.1,108.8,105.7,102.6,99.7,97,94.4,92.1,90,87.8,86,84.1,82.4,80.8,79.2,77.7,76.2,74.6,73.1,71.6,69.9,68.5,67.1,65.9,65,64.5,64.5,65,66,67.3,69,71,73.1,75.2,77.1,78.5,79,78.2,76.4,73.5,69.8,65.8,61.7,57.8,54.3,51.3,49,47.2,45.8,44.6,43.5,42.4,41.3,40.2,39.2,38.2,39.4,36.4,
Colombia,COL,"Mortality rate, infant, male (per 1,000 live births)",SP.DYN.IMRT.MA.IN,101.4,98.6,95.9,93.2,90.7,88.4,86.1,83.8,81.5,79.1,76.8,74.3,71.9,69.3,66.6,63.9,61.1,58.3,55.5,52.7,50,47.5,45,42.8,40.7,38.8,37.2,35.8,34.6,33.5,32.6,31.6,30.7,29.7,28.8,27.9,27,26.1,25.2,24.4,23.7,23,22.3,21.7,21,20.4,19.8,19.2,18.6,18,17.5,16.9,16.4,15.8,15.3,14.8,14.4,13.9,13.4,13,12.6,
Comoros,COM,"Mortality rate, infant, male (per 1,000 live births)",SP.DYN.IMRT.MA.IN,,,,,,,,,,,161.5,157.7,154.5,151.4,148.1,144.7,141.2,137.7,133.9,130.2,126.4,122.6,119.1,115.5,112.1,108.9,105.7,102.6,99.7,97,94.3,91.8,89.2,86.8,84.7,82.9,81.4,80.3,79.4,78.6,78.2,78,77.9,77.5,76.7,75.5,74.2,72.5,70.8,69.2,67.5,65.8,64,62.3,60.8,59.2,57.6,56.2,54.8,53.1,51.6,
Cabo Verde,CPV,"Mortality rate, infant, male (per 1,000 live births)",SP.DYN.IMRT.MA.IN,130.6,129.1,127.8,126.3,124.7,122.7,120.5,117.6,114.7,111.4,107.4,103.2,98.9,94.5,90.2,86,82.2,78.7,75.8,73.4,71.6,70.2,68.9,67.7,66,63.9,61.2,58.2,55.2,52.5,50.4,49.2,48.6,48.5,48.4,47.7,46.2,43.8,40.5,37,33.7,30.8,28.5,27,26.1,25.6,25.4,25.3,25.2,24.8,24.2,23.3,22.2,21,19.7,18.3,17,15.8,14.9,14.1,13.4,
Costa Rica,CRI,"Mortality rate, infant, male (per 1,000 live births)",SP.DYN.IMRT.MA.IN,73.6,68.7,71,76.7,79,76.1,71.4,68.4,67.4,67.1,66.2,63.5,58.6,52.4,47.2,42.7,37.8,32.2,27,23.2,21.6,21.2,21.6,22.1,22.3,22,21,19.4,17.4,16.1,15.5,15.3,14.8,14.3,14,14,14.1,14,13.6,13,12.3,11.6,11.1,10.9,10.8,10.8,10.7,10.6,10.3,10.1,9.9,9.6,9.3,8.8,8.5,8.2,8.1,8,7.9,7.6,7.2,
Caribbean small states,CSS,"Mortality rate, infant, male (per 1,000 live births)",SP.DYN.IMRT.MA.IN,,,,,,,,,,,,,,,,,,,,,,,,,,,,,,,32.08388807,31.27271557,30.48056033,29.7427056,28.97733383,28.28333812,27.58978656,26.94256567,26.2879016,25.73379206,25.19780645,24.65059924,24.14617723,23.6980527,23.24564112,22.8057602,22.37514943,21.9616637,21.53119056,21.04870679,20.59282215,20.10668742,19.66494807,19.13793795,18.64102018,18.10755851,17.59773497,17.10011576,16.61806123,16.26549618,15.60421109,
Cuba,CUB,"Mortality rate, infant, male (per 1,000 live births)",SP.DYN.IMRT.MA.IN,46.8,45.1,43.5,41.9,40.3,38.7,37.2,35.7,34.2,32.9,31.7,30.5,29.3,27.9,26.4,25.1,23.9,22.8,21.7,20.7,19.7,18.8,18,17.2,16.3,15.6,14.9,14.2,13.5,12.9,12.3,11.7,11.2,10.7,10.2,9.8,9.4,9,8.6,8.2,7.9,7.6,7.3,7,6.8,6.6,6.3,6.1,5.9,5.8,5.6,5.5,5.4,5.2,5.1,5,4.9,4.8,4.7,4.6,4.5,
Curacao,CUW,"Mortality rate, infant, male (per 1,000 live births)",SP.DYN.IMRT.MA.IN,,,,,,,,,,,,,,,,,,,,,,,,,,,,,,,,,,,,,,,,,,,,,,,,,,,,,,,,,,,,,,
Cayman Islands,CYM,"Mortality rate, infant, male (per 1,000 live births)",SP.DYN.IMRT.MA.IN,,,,,,,,,,,,,,,,,,,,,,,,,,,,,,,,,,,,,,,,,,,,,,,,,,,,,,,,,,,,,,
Cyprus,CYP,"Mortality rate, infant, male (per 1,000 live births)",SP.DYN.IMRT.MA.IN,,,,,,,,,,,,38.7,36,33.6,30.9,28.2,25.4,22.8,20.6,19.4,18.9,18.6,17.8,16.4,14.8,13.2,11.9,11.2,11,11,11,10.9,10.5,9.9,9.2,8.7,8.1,7.6,7,6.5,6,5.6,5.2,4.8,4.4,4.1,3.8,3.6,3.4,3.2,3.1,2.9,2.8,2.7,2.6,2.6,2.5,2.5,2.5,2.5,2.4,
Czechia,CZE,"Mortality rate, infant, male (per 1,000 live births)",SP.DYN.IMRT.MA.IN,,,,,,,,,,,,,,,,,,,,,,15.2,14.8,14.4,14.1,13.8,13.6,13.1,12.5,12.1,11.7,11.2,10.6,9.7,8.9,8,7.2,6.5,5.8,5.4,5,4.8,4.5,4.4,4.2,4,3.8,3.6,3.4,3.2,3.1,2.9,2.9,2.8,2.8,2.8,2.9,2.9,2.8,2.7,2.6,
Germany,DEU,"Mortality rate, infant, male (per 1,000 live births)",SP.DYN.IMRT.MA.IN,,,,,,,,,26.5,25.7,25,24.1,23.3,22.4,21.3,20,18.8,17.5,16.3,15.2,14.2,13.3,12.4,11.6,11,10.4,9.9,9.4,8.9,8.4,7.9,7.4,6.9,6.5,6.2,5.9,5.6,5.4,5.2,5,4.8,4.7,4.6,4.5,4.4,4.3,4.2,4.1,4,3.9,3.8,3.7,3.7,3.6,3.6,3.6,3.6,3.5,3.5,3.4,3.3,
Djibouti,DJI,"Mortality rate, infant, male (per 1,000 live births)",SP.DYN.IMRT.MA.IN,,,,,,,,,,,,,,,,,138.6,135.1,131.6,128.4,125.2,122.1,118.9,115.9,113,110.2,107.4,104.9,102.5,100.5,98.7,97.1,95.7,94.4,93.3,92.2,91.1,89.9,88.6,87.2,85.5,83.8,82.1,80.3,78.4,76.6,74.8,72.9,71,69.2,67.6,65.9,64.2,62.5,60.9,59.3,57.6,56,54.4,52.9,51.4,
Dominica,DMA,"Mortality rate, infant, male (per 1,000 live births)",SP.DYN.IMRT.MA.IN,87.8,80.9,74.5,68.7,63.3,58.3,53.7,49.5,45.6,42.1,38.9,36,33.3,30.9,28.7,26.7,24.9,23.2,21.8,22.4,19.3,18.3,17.4,16.7,16,15.4,15,14.6,14.3,14,13.8,13.7,13.6,13.6,13.7,13.8,13.9,14.1,14.4,14.7,15.1,15.5,16.1,16.6,17.3,18,18.8,19.7,20.7,21.7,22.9,24.1,25.4,26.8,28.2,29.5,30.7,31.9,32.8,33.6,34,
Denmark,DNK,"Mortality rate, infant, male (per 1,000 live births)",SP.DYN.IMRT.MA.IN,24.4,23.8,23.2,22.5,21.6,20.7,19.6,18.6,17.6,16.9,16.2,15.3,14.4,13.4,12.6,11.8,11.1,10.6,10.1,9.7,9.4,9.2,9,9,9,9,9.1,9.1,9,8.7,8.3,7.8,7.2,6.7,6.3,6,5.7,5.5,5.4,5.3,5.2,5.1,5,4.9,4.7,4.6,4.4,4.2,4,3.9,3.8,3.7,3.8,3.8,3.8,3.8,3.8,3.7,3.7,3.5,3.4,
Dominican Republic,DOM,"Mortality rate, infant, male (per 1,000 live births)",SP.DYN.IMRT.MA.IN,106,105.2,104.2,103,101.6,100,98.2,96.4,94.7,92.9,91.1,89,86.7,84.5,82,79.6,77.1,74.8,72.5,70.4,68.4,66.3,64.4,62.5,60.6,58.7,56.9,55.1,53.3,51.4,49.7,47.9,46.2,44.4,42.8,41.2,39.7,38.3,37.1,36.1,35.2,34.4,33.7,33.1,32.7,32.3,32,31.8,31.6,31.5,31.4,31.4,31.3,31.3,31.3,31.3,31.2,31.2,31,30.8,30.3,
Algeria,DZA,"Mortality rate, infant, male (per 1,000 live births)",SP.DYN.IMRT.MA.IN,151.1,151.2,151.2,151.5,152,152.4,152.7,152.6,152,150.9,149.1,146.7,143.8,140.3,136.2,131.9,127.3,122.5,117.4,112,105.7,98.2,90.2,81.4,72.2,64.2,57.7,52.6,49.1,46.7,45.2,44,43,42.1,41.2,40.3,39.4,38.7,38.1,37.4,36.7,35.9,35.3,33.6,32,30.6,29.2,27.9,26.6,25.8,25,24.3,23.8,23.4,23.2,22.9,22.6,22.3,21.8,21.3,20.7,
East Asia & Pacific (excluding high income),EAP,"Mortality rate, infant, male (per 1,000 live births)",SP.DYN.IMRT.MA.IN,,,,,,,,,,,,,,,,,,,,,,,,,,,,,,,49.13872113,48.49890959,47.52536693,46.45483515,45.20361513,43.82378499,42.37185536,40.79997939,39.21736651,37.51867759,35.74505378,33.86834068,31.93780221,30.10397597,28.64444996,26.6296858,25.0563031,23.65795797,22.762064,21.18256329,20.05994557,19.05894722,18.07849185,17.19186653,16.40290669,15.62225186,14.92520903,14.25176757,13.66599209,13.16852316,12.65839152,
Early-demographic dividend,EAR,"Mortality rate, infant, male (per 1,000 live births)",SP.DYN.IMRT.MA.IN,,,,,,,,,,,,,,,,,,,,,,,,,,,,,,,81.60382048,79.46861014,77.31632793,75.24385176,73.46731558,71.08682682,68.96892584,66.71587349,64.51651579,62.60389294,60.12422629,57.9212955,55.707815,53.63241645,52.06859336,49.9247858,48.20007794,46.36769489,44.74716513,42.8245761,41.2468081,39.48510845,38.0105248,36.58339547,35.2803901,33.98087877,32.79141936,31.55201358,30.44753809,29.39715756,28.42774061,
East Asia & Pacific,EAS,"Mortality rate, infant, male (per 1,000 live births)",SP.DYN.IMRT.MA.IN,,,,,,,,,,,,,,,,,,,,,,,,,,,,,,,46.7,46,45,43.9,42.6,41.3,39.8,38.4,36.9,35.3,33.6,31.9,30.1,28.3,26.9,25,23.6,22.2,21.4,19.9,18.9,17.9,17,16.2,15.4,14.7,14.1,13.5,12.9,12.4,12,
Europe & Central Asia (excluding high income),ECA,"Mortality rate, infant, male (per 1,000 live births)",SP.DYN.IMRT.MA.IN,,,,,,,,,,,,,,,,,,,,,,,,,,,,,,,41.51478184,41.3498957,41.44933789,41.39024526,41.05875684,40.32072135,39.27130203,37.88383475,36.31967203,34.55789699,32.70680428,30.78247086,28.85049942,26.99038621,25.20767555,23.58065954,22.08333526,20.7046056,19.44696993,18.33865981,17.3647362,16.4196915,15.60589274,14.81393798,14.03683268,13.29105852,12.59920816,11.94419619,11.37654972,10.87376838,10.37773683,
Europe & Central Asia,ECS,"Mortality rate, infant, male (per 1,000 live births)",SP.DYN.IMRT.MA.IN,,,,,,,,,,,,,,,,,,,,,,,,,,,,,,,27.2,26.7,26.3,25.8,25.2,24.4,23.5,22.5,21.5,20.4,19.3,18.2,17.2,16.2,15.3,14.4,13.6,12.9,12.2,11.6,11.1,10.6,10.2,9.8,9.3,8.9,8.5,8.1,7.8,7.5,7.2,
Ecuador,ECU,"Mortality rate, infant, male (per 1,000 live births)",SP.DYN.IMRT.MA.IN,129.2,125.8,122.9,120,117.3,114.8,112.6,110.5,108.7,106.9,104.9,102.7,100,97,93.6,90,86.3,82.9,79.7,76.6,73.5,70.5,67.4,64.2,61.3,58.5,55.9,53.5,51.3,49.3,47.3,45.3,43.3,41.3,39.2,37,34.9,32.9,31,29.3,27.7,26.4,25.2,24.2,23.2,22.4,21.6,20.8,19.9,19.1,18.3,17.5,16.7,16,15.4,14.8,14.3,13.8,13.4,12.9,12.4,
"Egypt, Arab Rep.",EGY,"Mortality rate, infant, male (per 1,000 live births)",SP.DYN.IMRT.MA.IN,218,210.6,203.2,196.1,189.5,183.6,178.7,174.7,171.5,168.8,166.2,163.6,160.7,157,152.4,147.2,141.5,135.4,129.2,123.1,117.4,111.6,105.4,99.2,92.8,86.5,80.6,75.5,71.3,67.8,64.6,61.8,59.1,56.4,53.8,51.1,48.4,45.9,43.4,41.2,39.1,37.2,35.4,33.8,32.3,31,29.8,28.6,27.5,26.5,25.5,24.5,23.6,22.7,21.9,21.1,20.4,19.7,19.1,18.4,17.8,
Euro area,EMU,"Mortality rate, infant, male (per 1,000 live births)",SP.DYN.IMRT.MA.IN,,,,,,,,,,,,,,,,,,,,,,,,,,,,,,,8.923033299,8.510140708,8.082317905,7.602233306,7.125708037,6.668589333,6.237245895,5.912513209,5.607267153,5.388193424,5.160873097,4.948459409,4.765873631,4.580610908,4.394701091,4.26020724,4.118937672,4.016545075,3.888844989,3.783712867,3.682597053,3.619787274,3.562795938,3.492340135,3.451512906,3.455910472,3.458588974,3.393936233,3.396817309,3.387834426,3.333960441,
Eritrea,ERI,"Mortality rate, infant, male (per 1,000 live births)",SP.DYN.IMRT.MA.IN,,,,,,,,,,,,,,,143.4,140.6,137.9,135.4,133.3,131.4,129.6,128,126.3,124.6,122.8,120.9,118.7,116.3,113.4,109.9,106.1,101.8,97.2,92.2,87.3,82.4,77.9,73.9,70.2,66.8,63.9,61.3,58.8,56.5,54.4,52.5,50.7,48.9,47.3,45.8,44.4,43.2,41.9,40.8,39.7,38.7,37.6,36.6,35.6,34.7,33.8,
Spain,ESP,"Mortality rate, infant, male (per 1,000 live births)",SP.DYN.IMRT.MA.IN,,,,,,,,,,,,,,,22.3,20.6,19.1,17.5,16.2,15,13.9,12.9,12,11.3,10.7,10.2,9.7,9.3,8.9,8.6,8.2,7.8,7.4,7,6.5,6.1,5.7,5.4,5.1,4.9,4.8,4.6,4.5,4.4,4.3,4.2,4,3.9,3.7,3.5,3.4,3.3,3.2,3.1,3,3,3,2.9,2.9,3,3,
Estonia,EST,"Mortality rate, infant, male (per 1,000 live births)",SP.DYN.IMRT.MA.IN,,,,,,,,,,,,,,,,,,,,,20.1,19.3,18.7,18,17.5,17,16.6,16.3,16.1,15.9,15.7,15.6,15.4,15.1,14.6,13.9,13.1,12.2,11.3,10.5,9.7,8.9,8.2,7.5,6.8,6.3,5.7,5.2,4.8,4.4,4,3.6,3.3,3.1,2.8,2.6,2.4,2.3,2.1,1.9,1.8,
Ethiopia,ETH,"Mortality rate, infant, male (per 1,000 live births)",SP.DYN.IMRT.MA.IN,,,,,,,159.8,159.4,159.3,159.3,159,158.8,158.7,158.6,158.5,158.3,158.1,158,157.6,156.8,155.7,154,151.9,149.6,146.6,143.9,141.2,138.6,136.3,134,131.5,128.9,125.9,122.4,118.7,115,111.2,107.5,103.8,100.5,97.1,93.5,89.8,86,82.1,78.2,74.5,71,67.7,64.6,61.6,58.9,56.2,53.7,51.4,49.1,47,45,43.2,41.6,40.2,
European Union,EUU,"Mortality rate, infant, male (per 1,000 live births)",SP.DYN.IMRT.MA.IN,,,,,,,,,,,,,,,,,,,,,,,,,,,,,,,11.42563714,10.87142394,10.31223384,9.748267845,9.192801965,8.641734794,8.097313133,7.6191908,7.169811997,6.803996434,6.464890705,6.174366197,5.95176508,5.749039643,5.525284436,5.312412139,5.086491692,4.893647536,4.690678819,4.50874615,4.3490214,4.221027547,4.113755844,3.99692501,3.898815788,3.835652193,3.783601833,3.684543577,3.638306677,3.593135316,3.514932528,
Fragile and conflict affected situations,FCS,"Mortality rate, infant, male (per 1,000 live births)",SP.DYN.IMRT.MA.IN,,,,,,,,,,,,,,,,,,,,,,,,,,,,,,,108.3842992,107.5073089,106.5138561,105.5005264,104.2303488,102.8601671,101.2695337,99.42434553,97.43179592,95.60179125,92.92573693,90.54740834,88.12630243,85.69596989,83.31034838,80.90138007,78.58063386,76.2644299,74.57237966,72.15797713,70.81237483,68.67820417,67.1714729,65.81118169,64.5102305,63.22772335,62.0212186,60.63993723,59.33861333,58.00994145,56.70758605,
Finland,FIN,"Mortality rate, infant, male (per 1,000 live births)",SP.DYN.IMRT.MA.IN,24.6,23.1,21.8,20.6,19.6,18.6,17.7,16.9,16.2,15.5,14.9,14.2,13.5,12.8,12.1,11.3,10.5,9.8,9,8.4,7.9,7.5,7.1,6.9,6.7,6.7,6.6,6.5,6.4,6.3,6.1,5.8,5.5,5.2,4.9,4.7,4.5,4.3,4.1,4,3.9,3.8,3.7,3.6,3.5,3.4,3.2,3.1,3,2.8,2.7,2.6,2.5,2.4,2.3,2.2,2.2,2.1,2.1,2.1,2,
Fiji,FJI,"Mortality rate, infant, male (per 1,000 live births)",SP.DYN.IMRT.MA.IN,62.7,60.3,58,55.9,53.9,52.1,50.5,49.3,48.5,47.8,47.4,47.1,46.9,46.6,46.1,45.4,44.4,43.2,41.7,40.1,38.4,36.8,35.1,33.7,32.3,31.2,30,29,27.9,26.9,26,25.1,24.2,23.5,22.8,22.1,21.6,21.1,20.8,20.5,20.3,20.2,20.2,20.4,20.7,21,21.2,21.5,21.6,21.6,21.5,21.5,21.5,21.6,21.9,22.2,22.7,23.3,23.9,24.4,24.9,
France,FRA,"Mortality rate, infant, male (per 1,000 live births)",SP.DYN.IMRT.MA.IN,26.7,25.3,24.2,23,21.9,20.9,20.2,19.3,18.5,17.8,17,16.1,15.3,14.7,14.3,13.9,13.4,12.9,12.4,11.9,11.5,11.1,10.7,10.3,10,9.7,9.4,9.3,9.1,8.8,8.6,8.2,7.7,7.1,6.5,6,5.5,5.2,4.9,4.8,4.6,4.4,4.2,4,3.8,3.7,3.6,3.6,3.5,3.5,3.4,3.4,3.4,3.4,3.4,3.5,3.6,3.6,3.7,3.8,3.8,
Faroe Islands,FRO,"Mortality rate, infant, male (per 1,000 live births)",SP.DYN.IMRT.MA.IN,,,,,,,,,,,,,,,,,,,,,,,,,,,,,,,,,,,,,,,,,,,,,,,,,,,,,,,,,,,,,,
"Micronesia, Fed. Sts.",FSM,"Mortality rate, infant, male (per 1,000 live births)",SP.DYN.IMRT.MA.IN,96.7,93.2,89.9,86.8,83.6,80.6,77.7,74.9,72.4,70,67.7,65.6,63.5,61.7,60,58.5,57,55.7,54.6,53.6,52.8,52.2,51.6,51,50.4,49.6,48.6,47.4,46.2,45,43.9,43,42.2,41.5,40.8,40,39.2,38.1,37.1,36.1,35.1,34.2,33.6,33.1,32.7,32.6,32.5,32.3,32.1,31.7,31.2,30.5,29.9,29.1,28.4,27.5,26.7,25.9,25.1,24.4,23.7,
Gabon,GAB,"Mortality rate, infant, male (per 1,000 live births)",SP.DYN.IMRT.MA.IN,,,,,,,,117.6,114.5,111.6,108.6,105.8,102.9,100.2,97.6,95,92.5,90.1,87.6,85.3,82.9,80.8,78.7,76.7,74.9,73.2,71.6,70.2,69,67.9,67,66.1,65.4,64.7,64.2,63.5,62.9,62.2,61.3,60.4,59.3,58.2,57,55.7,54.4,53.1,51.9,50.3,48.9,47.8,46.3,45,43.5,42.2,41.4,40.2,38.6,37.6,36.3,35.2,34.3,
United Kingdom,GBR,"Mortality rate, infant, male (per 1,000 live births)",SP.DYN.IMRT.MA.IN,25.6,25.2,24.8,24,23.3,22.6,21.9,21.3,21,20.7,20.3,19.9,19.3,18.7,18,17.2,16.5,15.8,15,14.3,13.5,12.8,12.2,11.6,11.2,10.9,10.7,10.4,10,9.5,8.9,8.3,7.8,7.4,7,6.8,6.6,6.5,6.4,6.3,6.1,6,5.9,5.8,5.8,5.7,5.5,5.4,5.2,5.1,4.9,4.7,4.5,4.4,4.3,4.2,4.1,4.1,4.1,4,3.9,
Georgia,GEO,"Mortality rate, infant, male (per 1,000 live births)",SP.DYN.IMRT.MA.IN,,,,,,,,,,,,,,,,64.8,62.8,60.7,58.8,56.9,55.2,53.5,51.9,50.4,49.1,48,47.2,46.7,46.3,46,45.7,45.4,45.1,44.7,44.1,43.4,42.4,41.1,39.6,37.8,35.8,33.5,31.1,28.6,26.1,23.7,21.3,19.2,17.3,15.6,14.2,13,12.1,11.4,10.8,10.4,10.1,9.9,9.6,9.4,9.2,
Ghana,GHA,"Mortality rate, infant, male (per 1,000 live births)",SP.DYN.IMRT.MA.IN,132.4,131.2,130.2,129.5,129.1,128.9,129,129.1,129.2,129.2,129,128.3,127.1,125.1,122.7,119.9,117,114.3,112,110.4,109.2,108.3,107.5,106.3,104.6,102.4,99.5,96.3,92.9,89.6,86.7,84.3,82.4,81.1,80.1,79.1,78,76.7,74.9,72.9,70.6,68.1,65.8,63.8,62.2,60.6,59.1,57.6,55.9,54,52,50,48,46.2,44.5,42.9,41.5,40.1,38.8,37.7,36.6,
Gibraltar,GIB,"Mortality rate, infant, male (per 1,000 live births)",SP.DYN.IMRT.MA.IN,,,,,,,,,,,,,,,,,,,,,,,,,,,,,,,,,,,,,,,,,,,,,,,,,,,,,,,,,,,,,,
Guinea,GIN,"Mortality rate, infant, male (per 1,000 live births)",SP.DYN.IMRT.MA.IN,221.5,219.8,218.3,216.4,214.7,212.7,210.5,208.6,206.8,204.6,202.6,200.5,198.3,195.8,193.4,190.7,188,185.2,182.3,179.3,176.3,173.2,170.1,166.9,163.9,160.8,157.8,154.9,152,149,145.8,142.4,138.5,134.7,130.7,127,123.1,119.2,115.4,111.5,107.7,104,100.4,96.9,93.9,91.1,88.6,86.4,84.5,82.7,81.3,79.7,78.4,77,75.9,74.6,73.2,72,70.7,69.3,67.8,
"Gambia, The",GMB,"Mortality rate, infant, male (per 1,000 live births)",SP.DYN.IMRT.MA.IN,163.9,161.1,158.5,155.8,153.2,150.7,148.2,145.6,143.2,140.7,138.2,135.7,133.1,130.6,128.1,125.6,123.2,120.7,118.3,115.9,113.6,111.1,108.7,106.2,103.7,101.1,98.5,96.1,93.7,91.4,89.2,87,84.8,82.6,80.3,78.2,76.1,74,72.1,70.1,68.1,66.2,64.4,62.6,60.7,59,57.3,55.7,54.1,52.5,51,49.6,48.2,46.9,45.6,44.4,43.2,42,40.9,39.8,38.9,
Guinea-Bissau,GNB,"Mortality rate, infant, male (per 1,000 live births)",SP.DYN.IMRT.MA.IN,,,,,,,,,,,,,,,,,,,,,,,,,,154.5,151.6,148.8,146.2,143.7,141.2,138.8,136.2,133.6,130.9,128.1,125.2,122.3,119.6,116.8,114,111.1,108.1,104.8,101.3,97.7,94.1,90.5,86.9,83.3,79.9,76.5,73.5,70.8,68.4,66.1,64.1,62.1,60.2,58.4,56.9,
Equatorial Guinea,GNQ,"Mortality rate, infant, male (per 1,000 live births)",SP.DYN.IMRT.MA.IN,,,,,,,,,,,,,,,,,,,,,,,143.8,141.1,138.5,136.1,134.2,132.6,131.4,130.3,129.3,128.4,127.5,126.7,125.8,124.9,123.7,122.1,120.2,117.9,115.3,112.5,109.6,106.8,103.8,100.7,97.7,94.6,91.5,88.6,85.8,83.2,80.8,78.4,75.9,73.7,71.5,69.4,67.3,65.4,63.7,
Greece,GRC,"Mortality rate, infant, male (per 1,000 live births)",SP.DYN.IMRT.MA.IN,40.6,40.4,39.7,38.5,37.1,35.9,35.2,34.6,33.3,31.1,28.9,27.3,26.5,26,25.7,25.1,24.1,22.8,21.4,20,18.7,17.5,16.4,15.5,14.7,14,13.2,12.2,11.3,10.5,9.8,9.3,8.9,8.6,8.3,8,7.7,7.3,6.9,6.5,6.1,5.6,5.3,4.9,4.6,4.3,4.1,3.9,3.7,3.7,3.7,3.7,3.8,3.9,4,4.1,4.2,4.1,4,3.9,3.8,
Grenada,GRD,"Mortality rate, infant, male (per 1,000 live births)",SP.DYN.IMRT.MA.IN,69.6,64.8,60,55.6,51.9,48.9,46.9,45.4,44.3,43.3,42.5,41.6,40.6,39.6,38.6,37.4,36.2,34.9,33.6,32.2,30.8,29.3,28,26.6,25.3,24.1,23,21.9,21,20,19.1,18.2,17.4,16.6,16,15.4,14.9,14.6,14.2,14,13.8,13.6,13.5,13.4,13.3,13.3,13.3,13.4,13.5,13.7,14,14.2,14.5,14.8,15.1,15.3,15.6,15.8,15.9,15.8,15.7,
Greenland,GRL,"Mortality rate, infant, male (per 1,000 live births)",SP.DYN.IMRT.MA.IN,,,,,,,,,,,,,,,,,,,,,,,,,,,,,,,,,,,,,,,,,,,,,,,,,,,,,,,,,,,,,,
Guatemala,GTM,"Mortality rate, infant, male (per 1,000 live births)",SP.DYN.IMRT.MA.IN,157,153.5,150.1,146.7,143.4,140.2,137,133.7,130.5,127.3,124.3,121.1,118,114.9,111.9,108.9,113,102.7,99.7,96.7,93.6,90.5,96.1,84.6,81.7,78.8,76,73.2,70.6,68,65.5,63.2,60.8,58.5,56.3,54.3,52.3,50.4,48.6,46.8,45.2,43.6,42.1,40.6,39.2,37.9,36.6,35.3,34.1,32.9,31.7,30.5,29.4,28.3,27.3,26.3,25.5,24.6,23.8,23,22.3,
Guam,GUM,"Mortality rate, infant, male (per 1,000 live births)",SP.DYN.IMRT.MA.IN,,,,,,,,,,,,,,,,,,,,,,,,,,,,,,,,,,,,,,,,,,,,,,,,,,,,,,,,,,,,,,
Guyana,GUY,"Mortality rate, infant, male (per 1,000 live births)",SP.DYN.IMRT.MA.IN,75,72.3,70,68.1,66.5,65.3,64.3,63.5,62.9,62.4,62.2,62,61.7,61.6,61.4,61.2,60.9,60.6,60.2,59.8,59.4,58.9,58.5,58,57.5,56.9,56.2,55.5,54.7,53.7,52.7,51.5,50.4,49.2,48,46.9,45.8,44.8,43.7,42.7,41.7,40.7,39.8,39.1,38.3,37.6,36.9,36.3,35.6,35,34.4,33.7,33.1,32.4,31.6,30.8,30,29.2,28.4,27.6,26.8,
High income,HIC,"Mortality rate, infant, male (per 1,000 live births)",SP.DYN.IMRT.MA.IN,,,,,,,,,,,,,,,,,,,,,,,,,,,,,,,11.4,10.8,10.3,9.7,9.2,8.7,8.3,7.9,7.6,7.3,7.1,6.9,6.7,6.5,6.3,6.2,6,5.8,5.7,5.5,5.4,5.2,5.1,5,4.9,4.8,4.7,4.7,4.6,4.5,4.5,
"Hong Kong SAR, China",HKG,"Mortality rate, infant, male (per 1,000 live births)",SP.DYN.IMRT.MA.IN,,,,,,,,,,,,,,,,,,,,,,,,,,,,,,,,,,,,,,,,,,,,,,,,,,,,,,,,,,,,,,
Honduras,HND,"Mortality rate, infant, male (per 1,000 live births)",SP.DYN.IMRT.MA.IN,151.1,146.6,142.1,137.9,133.7,129.7,125.8,121.9,118.2,114.4,110.7,107,103.2,99.6,105.2,92.4,88.9,85.6,82.2,78.9,75.7,72.6,69.6,66.7,63.9,61.2,58.7,56.3,54,51.8,49.7,47.7,45.8,44,42.3,40.7,39.1,37.6,44.9,34.8,33.4,32.1,30.7,29.4,28.2,27,25.9,24.8,23.8,22.9,22,21.1,20.3,19.6,18.9,18.3,17.7,17.1,16.5,16,15.5,
Heavily indebted poor countries (HIPC),HPC,"Mortality rate, infant, male (per 1,000 live births)",SP.DYN.IMRT.MA.IN,,,,,,,,,,,,,,,,,,,,,,,,,,,,,,,116.4965684,114.8458787,113.1913609,111.5973406,110.861741,107.9262876,105.8966354,103.6563846,101.3166266,98.55298934,95.67009802,92.54416282,89.31338934,86.07631089,82.94220304,79.93843869,77.16663186,74.50091481,72.02851501,69.69199829,68.01921588,65.31677019,63.20960774,61.25777977,59.47741545,57.77319229,56.06731701,54.41915788,52.84974443,51.42745244,50.04834811,
Croatia,HRV,"Mortality rate, infant, male (per 1,000 live births)",SP.DYN.IMRT.MA.IN,,,,,,,,,,,,,,,,,,,,,,23.4,22,20.6,19.3,18,16.8,15.6,14.5,13.5,12.6,12.6,11.2,10.6,10.1,9.7,9.3,8.9,8.5,8.2,7.9,7.5,7.2,6.9,6.6,6.3,6,5.7,5.5,5.3,5.1,4.9,4.8,4.7,4.6,4.6,4.5,4.4,4.4,4.3,4.2,
Haiti,HTI,"Mortality rate, infant, male (per 1,000 live births)",SP.DYN.IMRT.MA.IN,207.4,204.3,201,197.9,194.7,191.5,188.2,184.9,181.4,177.9,174.4,170.7,167,163.1,159.4,155.6,152,148.6,145,141.6,138.2,135,131.7,128.6,125.6,122.8,119.9,117.1,114.3,111.6,108.9,106.2,103.4,100.5,97.6,94.7,91.8,88.9,86.2,83.6,81.2,78.9,76.9,74.9,73.1,71.4,69.9,68.4,67.1,65.7,108.3,63.1,61.9,60.6,59.3,58,56.6,55.2,53.9,52.6,51.3,
Hungary,HUN,"Mortality rate, infant, male (per 1,000 live births)",SP.DYN.IMRT.MA.IN,53,50.3,48.2,46.8,45.6,44.2,42.8,41.7,40.8,39.7,38.7,38.2,38.5,39,38.1,35.6,32.5,29.7,27.4,25.4,23.8,22.7,22.2,22.1,21.9,21.5,20.8,19.6,18.2,17.3,16.8,16.3,15.3,13.9,12.8,11.9,11.3,10.9,10.5,10,9.5,8.9,8.3,7.8,7.3,6.9,6.6,6.3,5.9,5.7,5.5,5.3,5.2,5.1,4.9,4.6,4.3,4,3.8,3.7,3.7,
IBRD only,IBD,"Mortality rate, infant, male (per 1,000 live births)",SP.DYN.IMRT.MA.IN,,,,,,,,,,,,,,,,,,,,,,,,,,,,,,,60.57635349,59.46001138,58.19040051,56.88621814,55.46341696,53.93488732,52.33135641,50.58188547,48.84178853,47.33555174,45.31640101,43.45863857,41.5295415,39.69996525,38.27045844,36.30846689,34.67962217,32.99359559,31.37412582,29.80577659,28.23299603,26.84919294,25.54054462,24.29832003,23.21269158,22.15546573,21.27219322,20.31761417,19.5128383,18.78854894,18.12319116,
IDA & IBRD total,IBT,"Mortality rate, infant, male (per 1,000 live births)",SP.DYN.IMRT.MA.IN,,,,,,,,,,,,,,,,,,,,,,,,,,,,,,,74.71704322,73.83452708,72.84299676,71.82004391,70.79751089,69.31912605,67.86063429,66.19859216,64.49685103,62.83481292,60.77356823,58.77488425,56.70366052,54.69688862,52.97766243,50.92112406,49.14462523,47.3592927,45.75606026,44.06883012,42.61389822,41.11032695,39.80411495,38.58217816,37.48429303,36.4223028,35.46014261,34.44760909,33.55368537,32.72205123,31.93684368,
IDA total,IDA,"Mortality rate, infant, male (per 1,000 live births)",SP.DYN.IMRT.MA.IN,,,,,,,,,,,,,,,,,,,,,,,,,,,,,,,111.0361687,109.4538126,107.8239264,106.2061887,104.938484,102.5585707,100.544987,98.30608757,95.99823527,93.41197603,90.71918041,87.95930306,85.1817662,82.45092513,79.83998999,77.27647481,74.91410479,72.64087715,70.75648831,68.55218723,66.98083241,64.95278274,63.32624618,61.81150612,60.36511497,58.96123086,57.53267399,56.07947241,54.69196748,53.33831245,52.01622288,
IDA blend,IDB,"Mortality rate, infant, male (per 1,000 live births)",SP.DYN.IMRT.MA.IN,,,,,,,,,,,,,,,,,,,,,,,,,,,,,,,110.1767245,109.5851201,108.8768141,108.0737601,107.0704509,105.8151961,104.3648427,102.5712014,100.6363518,98.4476859,96.09290771,93.83231207,91.57911196,89.38416595,87.30471702,85.1350224,83.13042919,81.17398622,79.26908672,77.69124756,76.07538717,74.65237165,73.18330269,71.88485666,70.58850244,69.30758611,68.04482494,66.71537591,65.28956476,63.81387454,62.30475905,
Indonesia,IDN,"Mortality rate, infant, male (per 1,000 live births)",SP.DYN.IMRT.MA.IN,164.2,159.9,155.9,152,148.3,158.2,140.7,136.9,133.2,129.6,126.1,122.6,119.1,115.7,112.3,109.1,105.9,102.9,100.1,97.2,94.5,91.7,89,86.3,83.6,81,78.4,75.9,73.3,70.7,68.1,65.5,62.8,60.3,57.9,55.5,53.2,51,48.8,46.8,44.9,43.2,41.5,39.9,40.5,36.9,35.6,34.3,33,31.9,30.8,29.7,28.6,27.6,26.7,25.7,24.8,23.9,23.1,22.4,21.7,
IDA only,IDX,"Mortality rate, infant, male (per 1,000 live births)",SP.DYN.IMRT.MA.IN,,,,,,,,,,,,,,,,,,,,,,,,,,,,,,,111.4673301,109.3878862,107.2954254,105.2696719,103.8709674,100.9308094,98.63930462,96.18209302,93.69192931,90.91040937,88.05038285,85.04079284,81.99815922,78.99306265,76.10618605,73.33133972,70.77136647,68.31739751,66.42118593,63.87380382,62.30233735,59.9408578,58.21357611,56.57093063,55.03543284,53.56207774,52.04795424,50.53685412,49.18053382,47.90499806,46.69663386,
Isle of Man,IMN,"Mortality rate, infant, male (per 1,000 live births)",SP.DYN.IMRT.MA.IN,,,,,,,,,,,,,,,,,,,,,,,,,,,,,,,,,,,,,,,,,,,,,,,,,,,,,,,,,,,,,,
India,IND,"Mortality rate, infant, male (per 1,000 live births)",SP.DYN.IMRT.MA.IN,166.2,163.9,161.7,159.6,157.7,155.9,154.2,152.4,150.7,148.8,146.9,144.7,142.4,139.9,137.5,134.8,131.9,128.6,124.9,121.4,118,114.8,111.9,109.3,106.6,104,101.1,98.3,95.7,93.2,90.8,88.4,85.9,83.5,81.1,78.7,76.3,73.7,71.2,69.2,66.4,63.9,61.3,58.9,57.2,54.8,52.9,50.7,48.6,46.5,44.3,42.3,40.3,38.3,36.5,34.7,33,31.3,29.8,28.4,27.2,
Not classified,INX,"Mortality rate, infant, male (per 1,000 live births)",SP.DYN.IMRT.MA.IN,,,,,,,,,,,,,,,,,,,,,,,,,,,,,,,,,,,,,,,,,,,,,,,,,,,,,,,,,,,,,,
Ireland,IRL,"Mortality rate, infant, male (per 1,000 live births)",SP.DYN.IMRT.MA.IN,34.2,32.7,31.5,30.3,29,27.5,26,24.4,23,21.9,21.1,20.6,20.3,19.9,19.5,18.8,17.9,16.8,15.6,14.4,13.2,12.2,11.4,10.7,10.2,9.8,9.6,9.3,9.1,8.8,8.4,7.9,7.5,7,6.8,6.7,6.7,6.7,6.7,6.7,6.5,6.3,6,5.5,5.1,4.7,4.5,4.2,4.1,4,3.9,3.8,3.7,3.6,3.5,3.4,3.3,3.2,3.1,3,2.8,
"Iran, Islamic Rep.",IRN,"Mortality rate, infant, male (per 1,000 live births)",SP.DYN.IMRT.MA.IN,,,,,,,,,,,,129.5,123.7,118.4,113.1,107.7,102.1,96.4,90.4,84.6,79,73.7,69,64.9,61.3,58.2,55.4,52.8,50.3,48,45.8,43.9,42.2,40.6,39.2,37.8,36.5,35.2,33.7,32.3,30.8,29.3,27.7,26.1,24.6,23.2,21.9,20.6,19.4,18.3,17.3,16.5,15.8,15.1,14.5,14,13.5,13,12.6,12.2,11.8,
Iraq,IRQ,"Mortality rate, infant, male (per 1,000 live births)",SP.DYN.IMRT.MA.IN,136.4,129.2,122.9,117.1,111.8,106.8,102.1,97.7,93.6,89.7,86.1,82.8,79.5,76.4,73.4,70.6,68,65.4,63.1,60.9,58.9,57.1,55.4,53.8,52.4,51,49.7,48.6,47.5,46.6,45.7,44.9,44.1,43.4,42.7,42,41.4,40.7,40.1,39.4,38.6,37.9,37.3,36.6,36,35.3,34.6,33.8,33,32.2,31.4,30.5,29.7,28.8,28,27.2,26.4,25.6,24.9,24.1,23.4,
Iceland,ISL,"Mortality rate, infant, male (per 1,000 live births)",SP.DYN.IMRT.MA.IN,19.2,18.9,18.5,18.1,17.6,17.1,16.5,16,15.4,14.8,14.2,13.7,13.1,12.6,12,11.4,10.8,10.1,9.6,9,8.5,8,7.6,7.2,6.9,6.6,6.4,6.2,6,5.8,5.6,5.4,5.2,5,4.8,4.5,4.3,4.1,3.9,3.7,3.5,3.3,3.2,3.1,2.9,2.8,2.7,2.6,2.5,2.4,2.3,2.3,2.2,2.1,2,2,1.9,1.8,1.8,1.7,1.7,
Israel,ISR,"Mortality rate, infant, male (per 1,000 live births)",SP.DYN.IMRT.MA.IN,35.8,34.2,32.6,31.1,29.9,28.8,28,27.4,27.1,26.8,26.5,26.4,26.1,25.6,24.9,23.7,22.1,20.4,18.9,17.6,16.6,15.8,15.1,14.4,13.7,13,12.3,11.7,11.2,10.7,10.3,9.8,9.3,8.7,8.1,7.5,7.1,6.7,6.4,6.2,5.9,5.7,5.5,5.2,5,4.8,4.6,4.4,4.2,4,3.9,3.8,3.7,3.5,3.5,3.4,3.3,3.3,3.2,3.2,3.1,
Italy,ITA,"Mortality rate, infant, male (per 1,000 live births)",SP.DYN.IMRT.MA.IN,47.9,46.4,44.7,42.9,41,39.5,38,36.6,35.4,34.1,32.8,31.2,29.4,27.3,25,22.8,20.9,19.3,17.9,16.8,15.9,14.9,14,13.1,12.3,11.6,11,10.4,9.9,9.5,9.2,8.8,8.5,8,7.5,7,6.5,6.1,5.7,5.4,5.1,4.8,4.6,4.4,4.2,4.1,4,3.9,3.8,3.7,3.6,3.6,3.5,3.4,3.3,3.2,3.1,3,2.9,2.8,2.7,
Jamaica,JAM,"Mortality rate, infant, male (per 1,000 live births)",SP.DYN.IMRT.MA.IN,66,63.7,61.5,59.6,57.9,56.2,54.6,53.1,51.6,50.1,48.7,47.2,45.8,44.4,43.1,41.9,40.8,39.7,38.7,37.7,36.7,35.8,34.9,34,33.1,32.2,31.4,30.6,29.8,29,28.3,27.5,26.7,26,25.2,24.5,23.8,23.1,22.4,21.8,21.3,20.7,20.2,19.8,19.4,19.1,18.8,18.5,18.2,17.7,17.3,16.8,16.4,15.9,15.4,14.9,14.4,14,13.6,13.1,12.7,
Jordan,JOR,"Mortality rate, infant, male (per 1,000 live births)",SP.DYN.IMRT.MA.IN,107.9,102.4,97.1,92.1,87.5,83.2,79.2,75.4,72,68.9,65.9,63.1,60.4,58,55.7,53.6,51.5,49.5,47.6,45.8,44.1,42.4,40.9,39.5,38.1,36.7,35.5,34.3,33.2,32.3,31.3,30.5,29.7,29,28.3,27.6,26.9,26.3,25.7,25.1,24.5,23.9,23.3,22.7,22.2,21.6,21,20.4,19.9,19.3,18.8,18.3,17.8,17.3,16.9,16.4,16,15.5,15,14.6,14.1,
Japan,JPN,"Mortality rate, infant, male (per 1,000 live births)",SP.DYN.IMRT.MA.IN,33.3,30.8,28,25.5,23.3,21.3,19.6,18.2,17,15.9,15,14.2,13.4,12.6,11.9,11.2,10.5,9.9,9.3,8.7,8.2,7.7,7.2,6.8,6.4,6,5.6,5.4,5.2,5,4.9,4.8,4.8,4.7,4.6,4.4,4.3,4.1,3.9,3.7,3.5,3.4,3.2,3.1,3,2.9,2.8,2.8,2.7,2.6,2.5,2.4,2.3,2.2,2.2,2.1,2,2,2,1.9,1.9,
Kazakhstan,KAZ,"Mortality rate, infant, male (per 1,000 live births)",SP.DYN.IMRT.MA.IN,,,,,,,,,,,,77,75.3,73.8,72.4,71.1,70,69,67.9,66.6,65.2,63.4,61.6,59.7,57.9,56.2,54.5,52.9,51.5,50.5,49.9,49.8,50.2,50.7,51,50.8,49.9,48.4,46.4,44.2,41.8,39.4,37.2,35.1,33.1,31.2,29.2,27.1,25,22.9,20.7,18.7,16.6,14.8,13.2,12,11.1,10.6,10.3,10.2,10.1,
Kenya,KEN,"Mortality rate, infant, male (per 1,000 live births)",SP.DYN.IMRT.MA.IN,123.6,119.2,115.3,112,109.3,107.1,105.2,103.5,101.7,99.9,97.9,95.9,93.9,91.7,89.5,87,84.7,82.3,79.8,77.4,75.3,73.3,71.4,69.9,68.7,67.8,67.3,67.3,67.8,68.7,69.9,71.4,72.6,73.3,73.5,73,72.1,70.6,69,67.1,65,62.8,60.4,57.9,55.4,52.5,49.9,47.8,45.3,44.3,43.1,42.2,41.9,41.1,40,38.7,37.8,37,36,35.1,34.3,
Kyrgyz Republic,KGZ,"Mortality rate, infant, male (per 1,000 live births)",SP.DYN.IMRT.MA.IN,,,,,,,,,,,,,,,,95.2,93.4,91.4,89.5,87.2,84.8,82.3,79.6,76.6,73.7,70.7,67.6,64.8,62.5,60.7,59.6,59.3,59.4,59.2,58.7,57.5,55.6,53.4,51.2,49.1,47,44.9,43,41.1,39.4,37.8,36.2,34.7,32.9,30.9,29,27.3,25.8,24.5,23.2,22.1,21,20,19.1,18.2,17.4,
Cambodia,KHM,"Mortality rate, infant, male (per 1,000 live births)",SP.DYN.IMRT.MA.IN,,,,,,,,,,,,,,,,193.1,180.1,167.9,154.4,140.5,127.2,115.5,106.4,100.5,97,95,93.8,93.3,93.1,93.1,93.1,93,93,93.4,94,94.6,94.8,94.5,93.5,91,86.6,80.5,74,68,62.8,58.4,54.6,51.2,47.9,44.6,41.5,38.6,36,33.8,32,30.4,29.1,27.8,26.6,25.5,24.6,
Kiribati,KIR,"Mortality rate, infant, male (per 1,000 live births)",SP.DYN.IMRT.MA.IN,143,139.8,136.2,132.3,128.2,124,119.9,115.9,112,108.3,104.9,101.9,99.3,97.2,95.7,94.6,93.8,93.1,92.3,91.5,90.5,89.5,88.3,87,85.5,83.8,81.9,79.8,77.5,75,72.5,70.1,67.9,66,64.3,62.8,61.5,60.2,59,57.7,56.6,55.5,54.7,54.2,54,54.2,54.4,54.6,54.7,54.5,53.9,53.1,52.2,51.2,50.2,49,47.9,46.7,45.5,44.3,43.1,
St. Kitts and Nevis,KNA,"Mortality rate, infant, male (per 1,000 live births)",SP.DYN.IMRT.MA.IN,,,,,,,,,,,,,60.8,58.5,56.4,54.6,52.8,51.1,49.4,47.5,45.4,43.1,40.8,38.4,36.2,34.2,32.4,30.9,29.7,28.7,27.9,27.3,26.8,26.4,26,25.6,25.1,24.4,23.7,22.8,21.8,20.8,19.9,19,18.2,17.6,17.1,16.7,16.4,16.2,16.1,16,16,15.9,15.8,15.6,15.3,15,14.6,14.2,13.8,
"Korea, Rep.",KOR,"Mortality rate, infant, male (per 1,000 live births)",SP.DYN.IMRT.MA.IN,84.6,81,77.7,74.6,71.3,68,64.5,60.9,57.4,54,50.7,47.7,45.1,43,41.2,39.6,38.2,36.8,35.3,33.8,32.1,30.3,28.4,26.5,24.5,22.6,20.7,18.9,17.3,15.9,14.5,13.4,12.3,11.3,10.5,9.7,8.9,8.3,7.8,7.3,6.9,6.5,6.2,5.8,5.4,5.1,4.7,4.4,4.1,3.9,3.8,3.7,3.5,3.4,3.3,3.3,3.2,3.1,3,2.9,2.8,
Kuwait,KWT,"Mortality rate, infant, male (per 1,000 live births)",SP.DYN.IMRT.MA.IN,101.9,95.8,90.1,84.6,79.4,74.4,70,65.9,62.2,58.9,55.9,53,50.3,47.6,45.1,42.6,40.3,38,35.9,33.7,31.5,29.2,26.9,24.6,22.7,21.1,19.7,18.6,17.4,16.2,15,14.2,13.6,13.2,13.1,13,12.8,12.5,12.2,11.8,11.5,11.3,11.1,10.9,10.7,10.6,10.4,10.3,10.1,9.9,9.6,9.2,8.9,8.5,8.3,8.2,8.1,8.1,8.1,8.2,8.3,
Latin America & Caribbean (excluding high income),LAC,"Mortality rate, infant, male (per 1,000 live births)",SP.DYN.IMRT.MA.IN,,,,,,,,,,,,,,,,,,,,,,,,,,,,,,,49.89173916,48.03879396,46.10421146,44.15508234,42.16722051,40.25677815,38.37980924,36.57338955,35.04270771,33.16390394,31.62084455,30.14879339,28.72803029,27.44591497,26.22026557,25.06404693,23.99549458,23.00537534,22.11822296,21.27466685,21.72169798,19.73317144,19.10072859,18.49287214,17.93995105,17.38298912,17.2090739,16.41747944,15.98204775,15.57462865,15.11168062,
Lao PDR,LAO,"Mortality rate, infant, male (per 1,000 live births)",SP.DYN.IMRT.MA.IN,,,,,,,,,,,,,,,,,,,155.7,151.6,147.9,144,140.5,137.1,133.8,130.6,127.5,124.4,121.2,118.1,114.9,111.5,108.3,105,101.8,98.6,95.6,92.5,89.7,86.9,84.2,81.5,78.7,75.8,73.1,70.2,67.5,64.8,62.2,59.7,57.3,55,52.8,50.6,48.6,46.7,45,43.5,41.9,40.6,39.3,
Lebanon,LBN,"Mortality rate, infant, male (per 1,000 live births)",SP.DYN.IMRT.MA.IN,59.2,57.9,56.5,55.3,54.2,53.2,52.3,51.6,50.8,50.2,49.6,49.1,48.4,47.8,47.1,46.4,45.5,44.6,43.5,42.5,41.3,40.1,38.7,37.4,35.9,34.5,33.1,31.7,30.4,29.1,27.8,26.6,25.5,24.4,23.4,22.4,21.5,20.5,19.6,18.6,17.7,16.7,15.6,14.7,13.6,12.6,11.7,10.9,10.2,9.6,9.1,8.7,8.3,8,7.7,7.4,7.1,6.9,6.6,6.4,6.2,
Liberia,LBR,"Mortality rate, infant, male (per 1,000 live births)",SP.DYN.IMRT.MA.IN,225.8,226.1,225.7,225.3,224.2,222.4,220.3,217.4,214.1,210.5,206.9,203.4,199.8,196.5,193,189.6,186.4,183.5,181,178.7,176.4,174.2,172.6,171.6,171.5,172.6,175,178.6,182.7,186.7,189.9,191.3,190.6,187.8,183.3,177.4,170.4,162.6,154.4,146.2,137.8,129.2,120.9,112.9,105.4,98.5,92.7,87.8,83.9,80.8,78.1,76.1,74.4,72.9,71.9,70.2,68.9,67.6,66.3,65,63.6,
Libya,LBY,"Mortality rate, infant, male (per 1,000 live births)",SP.DYN.IMRT.MA.IN,172,163.4,155.1,147.4,139.8,132.6,125.7,119.2,113.2,107.3,101.9,96.6,91.7,86.9,82.4,78.3,74.5,70.9,67.7,64.7,62.1,59.5,57,54.6,52.2,49.9,47.7,45.4,43.2,41.1,39.1,37.2,35.5,34,32.6,31.4,30.3,29.3,28.3,27.5,26.7,26,25.2,24.3,23.3,22.1,20.7,19.3,17.9,16.7,15.8,16.4,14.3,13.7,13.1,12.6,12.1,11.7,11.3,10.9,10.5,
St. Lucia,LCA,"Mortality rate, infant, male (per 1,000 live births)",SP.DYN.IMRT.MA.IN,112.7,108.3,103.2,97.6,91.7,85.6,79.5,73.5,67.7,62.3,57.2,52.6,48.4,44.6,41.2,38.2,35.5,33.2,31,29.2,27.6,26.3,25.1,24,23.1,22.3,21.6,21,20.4,19.9,19.4,19,18.6,18.3,18,17.7,17.5,17.3,17.1,17,17,16.9,16.9,17,17.1,17.3,17.5,17.7,18,18.3,18.7,19.1,19.6,20.1,20.6,21.1,21.7,22.3,22.9,23.4,23.9,
Latin America & Caribbean,LCN,"Mortality rate, infant, male (per 1,000 live births)",SP.DYN.IMRT.MA.IN,,,,,,,,,,,,,,,,,,,,,,,,,,,,,,,47.7,45.9,44.1,42.2,40.4,38.6,36.8,35.1,33.7,32.6,30.5,29.1,27.7,26.5,25.3,24.2,23.2,22.3,21.4,20.6,21,19.2,18.6,18.1,17.6,17.2,17.2,16.5,16.1,15.7,15.3,
Least developed countries: UN classification,LDC,"Mortality rate, infant, male (per 1,000 live births)",SP.DYN.IMRT.MA.IN,,,,,,,,,,,,,,,,,,,,,,,,,,,,,,,116.2457027,114.0719837,111.8676719,109.7366792,108.2994167,105.2248953,102.8628675,100.3221556,97.654787,94.8625952,91.89334552,88.7644594,85.59263794,82.44252097,79.39707939,76.46042539,73.71159772,71.07094237,69.02271368,66.25603859,64.52785483,61.93923174,59.92152102,58.06627651,56.39425115,54.83507366,53.21508597,51.70616387,50.27649674,48.95649884,47.69134445,
Low income,LIC,"Mortality rate, infant, male (per 1,000 live births)",SP.DYN.IMRT.MA.IN,,,,,,,,,,,,,,,,,,,,,,,,,,,,,,,118.4,116.7,114.9,113.3,112.6,109.3,107.2,104.8,102.2,99.4,96.3,93.2,89.9,86.7,83.5,80.6,77.7,75,72.5,70.2,68.1,65.9,64.1,62.3,60.6,58.9,57.3,55.6,54.1,52.7,51.4,
Liechtenstein,LIE,"Mortality rate, infant, male (per 1,000 live births)",SP.DYN.IMRT.MA.IN,,,,,,,,,,,,,,,,,,,,,,,,,,,,,,,,,,,,,,,,,,,,,,,,,,,,,,,,,,,,,,
Sri Lanka,LKA,"Mortality rate, infant, male (per 1,000 live births)",SP.DYN.IMRT.MA.IN,73.7,70.6,68.7,67.7,66.4,64.9,63.3,61.6,59.8,58.7,57.8,57.2,56.6,55.9,54.9,53.3,51.2,48.6,45.8,42.9,40,37.6,35.3,32.6,30,27.4,25,23.2,22,23.1,21.3,21.1,20.7,20.1,19.4,18.6,17.9,17.3,16.6,16,15.5,15.1,14.6,14.3,18.9,13.4,12.7,12.1,11.5,14.8,10.7,10.3,9.8,9.3,8.8,8.3,7.8,7.4,7,6.8,6.5,
Lower middle income,LMC,"Mortality rate, infant, male (per 1,000 live births)",SP.DYN.IMRT.MA.IN,,,,,,,,,,,,,,,,,,,,,,,,,,,,,,,87.4,85.6,83.8,82.1,80.3,78.5,76.7,74.6,72.6,70.6,68.3,66.1,63.8,61.6,60,57.7,55.9,54,52.4,50.5,48.9,47.2,45.8,44.4,43.1,41.8,40.6,39.4,38.3,37.2,36.2,
Low & middle income,LMY,"Mortality rate, infant, male (per 1,000 live births)",SP.DYN.IMRT.MA.IN,,,,,,,,,,,,,,,,,,,,,,,,,,,,,,,75.30217829,74.42407761,73.43690789,72.41520526,71.3922291,69.90659352,68.43750347,66.75781903,65.0319306,63.27400311,61.24601463,59.21425581,57.11203983,55.08051028,53.34613566,51.27816457,49.49507002,47.70135592,46.08828298,44.38665032,42.91473922,41.39117654,40.0652835,38.82491778,37.71006328,36.63011816,35.63646933,34.61257097,33.70950664,32.86822661,32.0722381,
Lesotho,LSO,"Mortality rate, infant, male (per 1,000 live births)",SP.DYN.IMRT.MA.IN,148.7,148,148,148.4,148.9,149.2,148.9,147.9,146.3,144.1,141.5,138.8,135.8,132.6,129.2,125.3,121.1,116.6,112,107.3,102.7,98.3,94.1,90.4,87,83.8,81.1,78.8,76.7,75,73.8,73.1,73,73.6,74.4,75.3,75.8,75.9,75.9,76.2,76.7,77.3,78.1,79.2,80.1,81.1,81.7,80.9,84.4,80.7,77.8,75.7,76.8,77.7,78.7,79.5,79.9,80,78.7,78.2,76.6,
Late-demographic dividend,LTE,"Mortality rate, infant, male (per 1,000 live births)",SP.DYN.IMRT.MA.IN,,,,,,,,,,,,,,,,,,,,,,,,,,,,,,,42.90557839,42.35098241,41.48221332,40.47841092,39.2688394,37.92076966,36.4767878,34.9001407,33.28455255,31.54812773,29.75408125,27.84796332,25.89890562,24.07188828,22.34258081,20.64193216,19.10240839,17.77395729,16.61408172,15.580002,14.5507414,13.69469313,12.87938592,12.12617388,11.44970701,10.78493477,10.29743938,9.636682915,9.157724894,8.760430965,8.337437462,
Lithuania,LTU,"Mortality rate, infant, male (per 1,000 live births)",SP.DYN.IMRT.MA.IN,,,,,,,,23.1,23.4,22.2,20.2,18.9,18.8,19.3,19.8,20.1,20.2,20,19.6,18.9,18.2,17.6,17.1,16.7,16.2,15.5,14.5,13.3,12.5,12.5,13.3,14.5,15.6,16,15,13.2,11.7,10.8,10.2,9.8,9.4,9,8.7,8.4,8.1,7.9,7.6,7,6.4,5.8,5.3,4.8,4.5,4.4,4.3,4.3,4.2,3.9,3.5,3.2,2.9,
Luxembourg,LUX,"Mortality rate, infant, male (per 1,000 live births)",SP.DYN.IMRT.MA.IN,35.9,34,32.2,30.4,28.9,27.4,26.1,24.8,23.6,22.4,21.2,20.1,18.9,17.8,16.7,15.8,14.9,14.2,13.6,13,12.5,12.1,11.7,11.3,10.9,10.4,10,9.6,9.1,8.7,8.2,7.7,7.1,6.7,6.2,5.8,5.4,5,4.7,4.4,4.1,3.8,3.6,3.4,3.2,3,2.9,2.8,2.7,2.6,2.5,2.5,2.5,2.5,2.5,2.5,2.5,2.5,2.5,2.5,2.5,
Latvia,LVA,"Mortality rate, infant, male (per 1,000 live births)",SP.DYN.IMRT.MA.IN,,,,,,,,,,,,,,,,,,,,17.3,17.3,17.3,17.1,16.7,15.9,15,14,13.3,13.2,13.7,14.8,16,16.9,17.4,17.5,17.3,16.7,15.7,14.6,13.5,12.5,11.7,11.1,10.6,9.9,9.3,8.8,8.3,7.9,7.5,7,6.5,6,5.4,5,4.6,4.3,4,3.9,3.8,3.7,
"Macao SAR, China",MAC,"Mortality rate, infant, male (per 1,000 live births)",SP.DYN.IMRT.MA.IN,,,,,,,,,,,,,,,,,,,,,,,,,,,,,,,,,,,,,,,,,,,,,,,,,,,,,,,,,,,,,,
St. Martin (French part),MAF,"Mortality rate, infant, male (per 1,000 live births)",SP.DYN.IMRT.MA.IN,,,,,,,,,,,,,,,,,,,,,,,,,,,,,,,,,,,,,,,,,,,,,,,,,,,,,,,,,,,,,,
Morocco,MAR,"Mortality rate, infant, male (per 1,000 live births)",SP.DYN.IMRT.MA.IN,156.5,154,151.5,148.9,146.2,143.4,140.5,137.6,134.9,132.2,129.9,127.7,125.5,123.2,120.7,117.8,114.5,110.9,107.4,103.8,100.3,96.7,93.2,89.8,86.3,82.8,79.5,76.4,73.6,70.9,68.5,66.1,63.9,61.7,59.5,57.4,55.3,53.4,51.5,49.7,48,46.2,44.4,42.6,40.8,38.9,36.9,34.9,33.1,31.3,29.5,27.9,26.4,24.9,23.5,22.3,21.1,20.1,19.2,18.4,17.7,
Monaco,MCO,"Mortality rate, infant, male (per 1,000 live births)",SP.DYN.IMRT.MA.IN,,,,,,,,,,,,,,,,,,,,,,,,,,8.8,8.4,8,7.7,7.3,7,6.7,6.4,6.1,5.9,5.6,5.4,5.2,5,4.8,4.6,4.5,4.4,4.2,4.1,4,3.9,3.8,3.8,3.7,3.6,3.5,3.4,3.3,3.3,3.2,3.1,3,2.9,2.8,2.7,
Moldova,MDA,"Mortality rate, infant, male (per 1,000 live births)",SP.DYN.IMRT.MA.IN,,,,,,,,,,,,54.6,53.3,51.9,50.7,49.4,48.3,47.1,46,44.9,43.8,42.7,41.4,39.9,38.2,36.6,34.9,33.4,32.2,31.3,31,31.2,32,33.1,34.2,35,35.2,34.6,33.4,31.5,29.1,26.6,24.2,22.1,20.4,19.1,18.2,17.5,17,16.7,16.4,16.1,15.8,15.6,15.3,15.1,14.8,14.6,14.4,14.1,13.8,
Madagascar,MDG,"Mortality rate, infant, male (per 1,000 live births)",SP.DYN.IMRT.MA.IN,,,,,,,,,97.9,98.8,99.8,100.8,101.9,103.2,104.6,106,107.2,108.3,109.3,110.2,111.3,112.5,113.6,114.3,114.5,114,112.7,110.7,108.1,105.1,102.2,99.2,96.4,93.6,90.9,88.1,85.1,82.1,79.1,76,73.1,70.5,68,65.6,63.3,61.1,59,57,55.1,53.4,51.8,50.4,49,47.8,46.6,45.5,44.4,43.3,42.1,41,40,
Maldives,MDV,"Mortality rate, infant, male (per 1,000 live births)",SP.DYN.IMRT.MA.IN,,,,,,217.4,210.6,203.9,197,190.3,183.1,175.5,167.4,159.4,151.4,143.8,136.4,129.4,123,116.9,111.2,105.8,100.8,96,91.4,87.2,83.1,79.1,75.4,71.9,68.5,65.2,62,58.9,55.7,52.4,49,45.5,42,38.4,35,31.5,28.2,25.2,23.6,20.3,18.3,16.7,15.3,14.2,13.2,12.3,11.5,10.7,9.9,9.2,8.5,7.8,7.1,6.5,6,
Middle East & North Africa,MEA,"Mortality rate, infant, male (per 1,000 live births)",SP.DYN.IMRT.MA.IN,,,,,,,,,,,,,,,,,,,,,,,,,,,,,,,52.9,51,49.3,47.6,46,44.4,42.9,41.3,39.8,38.3,36.8,35.3,33.9,32.4,31,29.8,28.5,27.3,26.2,25.3,24.4,23.7,23.4,22.9,22.4,21.8,21.2,20.5,20.1,19.6,19.2,
Mexico,MEX,"Mortality rate, infant, male (per 1,000 live births)",SP.DYN.IMRT.MA.IN,114.7,110.6,106.8,103.2,99.7,96.5,93.5,90.6,87.8,85,82.4,79.8,77.3,74.8,72.4,70,67.7,65.4,63.1,60.8,58.6,56.5,54.4,52.3,50.3,48.4,46.5,44.8,43,41.3,39.7,38.1,36.5,35.1,33.6,32.3,31,29.7,28.5,27.3,26.2,25.1,24.1,23.2,22.3,21.5,20.7,20,19.3,18.7,18,17.4,16.9,16.4,15.9,15.3,14.8,14.3,13.8,13.4,12.9,
Marshall Islands,MHL,"Mortality rate, infant, male (per 1,000 live births)",SP.DYN.IMRT.MA.IN,92.4,88.6,85.2,81.9,78.9,76,73.4,70.9,68.4,66.2,64.1,62.1,60.3,58.9,57.8,57.1,56.5,55.9,55.4,54.7,54,53.2,52.2,51,49.8,48.5,47.2,45.8,44.4,43,41.6,40.3,39.1,38,37.3,36.9,36.8,36.9,37.1,37.4,37.5,37.6,37.5,37.3,37.1,36.8,36.6,36.3,36,35.7,35.4,35.1,34.5,33.9,33.2,32.4,31.7,30.9,30.1,29.3,28.5,
Middle income,MIC,"Mortality rate, infant, male (per 1,000 live births)",SP.DYN.IMRT.MA.IN,,,,,,,,,,,,,,,,,,,,,,,,,,,,,,,69.98101638,69.00122141,67.89700676,66.7537584,65.47356134,64.05781668,62.52357507,60.80007571,59.07197572,57.34822592,55.36051862,53.42050762,51.42818271,49.52832706,47.97217138,46.00339172,44.33934877,42.63989657,41.12934688,39.47884729,38.06759072,36.60720469,35.32336245,34.13196992,33.06707731,32.03351496,31.11035383,30.14764546,29.28548039,28.48647321,27.7291083,
North Macedonia,MKD,"Mortality rate, infant, male (per 1,000 live births)",SP.DYN.IMRT.MA.IN,,,,,,,,,,,,,,,,,,,,,,55.3,52.9,50.3,48.4,47.8,47,44.8,41.7,38.3,35.4,33.1,31.7,30.2,27.4,23.6,20.3,18.5,17.7,16.8,15.4,14.2,13.8,13.8,13.7,13.1,12.4,11.7,11.1,10.5,9.8,9.5,9.6,10,10.5,10.7,10.2,9,7.5,6.3,5.5,
Mali,MLI,"Mortality rate, infant, male (per 1,000 live births)",SP.DYN.IMRT.MA.IN,,,,220.2,216.7,213.2,210.2,207,204,201.1,198.3,195.4,192.2,189,185.2,181.3,177.3,173.2,169.1,165.2,161.1,157.3,153.5,149.7,146,142.3,139,136.3,133.7,131.3,129.1,127.1,125.2,123.5,122,120.4,118.7,116.6,114.3,111.8,108.9,106.1,103.2,100.2,97.3,94.7,92.2,89.8,87.5,85.2,82.9,80.7,78.6,76.4,74.4,72.6,70.7,68.9,67.2,65.5,64,
Malta,MLT,"Mortality rate, infant, male (per 1,000 live births)",SP.DYN.IMRT.MA.IN,39.5,37.4,36,34.9,34,33.2,32.2,31.1,29.9,28.6,27.3,26,24.7,23.4,22.1,20.9,19.8,18.8,18,17.2,16.5,15.9,15.3,14.7,14.1,13.5,12.9,12.3,11.8,11.4,10.9,10.6,10.2,9.8,9.5,9.1,8.7,8.4,8,7.7,7.4,7.2,7,6.8,6.7,6.6,6.5,6.4,6.4,6.3,6.3,6.3,6.3,6.2,6.2,6.2,6.2,6.2,6.2,6.1,6.1,
Myanmar,MMR,"Mortality rate, infant, male (per 1,000 live births)",SP.DYN.IMRT.MA.IN,,,,,,,,,132.7,130.6,128.6,126.4,124.1,122,119.7,117.5,115.3,113.1,111.1,109,106.9,105,103.1,101.3,99.6,97.9,96.3,94.7,93.1,91.3,89.5,87.8,86,84.1,82.2,80.4,78.6,76.8,75.1,73.4,71.7,70,68.3,66.6,64.9,63.1,61.3,59.4,68.5,55.6,53.6,51.7,49.9,48.2,46.6,45.2,43.7,42.4,41.1,39.9,38.7,
Middle East & North Africa (excluding high income),MNA,"Mortality rate, infant, male (per 1,000 live births)",SP.DYN.IMRT.MA.IN,,,,,,,,,,,,,,,,,,,,,,,,,,,,,,,55.34223772,53.52922232,51.84733294,50.22372474,48.66740916,47.09135456,45.52560413,43.99231579,42.40390451,40.86432473,39.31077032,37.78455031,36.29490773,34.769532,33.31916597,31.95756739,30.65128423,29.37465877,28.19648504,27.19247024,26.28181927,25.54849572,25.25674367,24.72631283,24.14478078,23.51345616,22.92179046,22.11042492,21.69846958,21.19314289,20.70068237,
Montenegro,MNE,"Mortality rate, infant, male (per 1,000 live births)",SP.DYN.IMRT.MA.IN,,,,,,,,,,,,,,,,,,,,,,,,,26.7,24.2,21.9,19.9,18.2,16.9,15.8,15.1,14.7,14.5,14.4,14.4,14.3,14.3,14.1,13.8,13.4,12.8,12.1,11.4,10.6,9.8,9,8.2,7.4,6.7,6.1,5.4,4.9,4.4,3.9,3.5,3.1,2.8,2.5,2.3,2.1,
Mongolia,MNG,"Mortality rate, infant, male (per 1,000 live births)",SP.DYN.IMRT.MA.IN,,,,,,,,,,,,,,,,,,,133.4,129.3,125.5,121.9,118.2,114.6,110.8,107.1,103.2,99.2,95.3,91.6,88.2,85,82,79.1,76.2,73.2,70.1,66.7,63.2,59.6,55.8,51.9,48.1,44.4,40.9,37.7,34.7,31.9,29.3,27,25,23.2,21.8,20.6,19.5,18.6,17.7,16.9,16.1,15.4,14.7,
Northern Mariana Islands,MNP,"Mortality rate, infant, male (per 1,000 live births)",SP.DYN.IMRT.MA.IN,,,,,,,,,,,,,,,,,,,,,,,,,,,,,,,,,,,,,,,,,,,,,,,,,,,,,,,,,,,,,,
Mozambique,MOZ,"Mortality rate, infant, male (per 1,000 live births)",SP.DYN.IMRT.MA.IN,,,,,,,,190.7,191.5,191.8,192,191.8,191.4,190.6,189.8,189,188.7,188,187.7,187.6,187.6,187.5,186.8,185.4,183.7,181.7,179.4,177,174.7,172.4,170.1,167.8,164.7,161.2,157,151.7,145.5,138.7,131.4,124.4,117.6,111.1,105.2,100.1,95.6,91.7,88.1,82.7,80.3,77.3,77.1,73.3,70.8,69,67.3,65.4,63.5,61.6,59.9,58.2,56.7,
Mauritania,MRT,"Mortality rate, infant, male (per 1,000 live births)",SP.DYN.IMRT.MA.IN,140.1,137.2,134.3,131.6,128.8,126,123.1,120.2,117.6,115.4,114,113.2,112.8,112.5,112.1,111.2,109.9,108,105.8,103.5,101.3,99.1,96.9,94.4,91.9,89.1,86.3,83.8,81.5,79.8,78.5,77.5,76.9,76.6,76.4,76.5,76.5,76.6,76.5,76.4,76.2,75.9,75.7,75.3,74.7,73.9,72.8,71.7,70.3,68.9,67.4,66,64.9,63.4,62,60.7,59.4,58,56.7,55.4,54.1,
Mauritius,MUS,"Mortality rate, infant, male (per 1,000 live births)",SP.DYN.IMRT.MA.IN,76.8,73.7,70,66.6,64.6,65.3,70.3,76.2,76.3,68.9,62.1,61.6,64.9,65.4,59.6,52.2,46.9,43.5,41.3,39.3,36.9,34.1,31.1,28.9,27.7,27.3,27.5,27.6,26.7,24.7,22.7,21.5,21,21.2,21.8,22.5,23,22.9,22,20.4,18.7,17.2,16.1,15.5,15.1,14.9,14.7,14.4,14.1,13.9,13.8,14,14.3,14.5,14.3,14.1,14.1,14.5,15.1,15.8,16.4,
Malawi,MWI,"Mortality rate, infant, male (per 1,000 live births)",SP.DYN.IMRT.MA.IN,,,,,,226.1,225.3,224.3,223,221.6,219.3,215.8,210.8,205.3,199.4,193.4,187.1,180.7,173.9,167,161.3,156.6,153.7,153.5,155.4,158,159.7,159.8,158.3,155,150.5,145.5,140.3,135.4,130.8,127,124,121.2,117.8,113.3,107.2,99.5,91,82.9,76.1,70.8,67.3,65.3,62,59.9,57.7,53.8,50.5,46.8,43.4,40.8,38.4,36.5,34.9,33.5,32.3,
Malaysia,MYS,"Mortality rate, infant, male (per 1,000 live births)",SP.DYN.IMRT.MA.IN,73.8,69.6,65.8,62.3,59.2,56.6,54.3,52.4,50.6,49,47.3,45.5,43.6,41.6,39.5,37.4,35.4,33.4,31.5,29.7,27.9,26.2,24.6,23.1,21.7,20.5,19.3,18.3,17.4,16.6,15.8,15.1,14.4,13.7,13.2,12.7,12.3,11.8,11.2,10.4,9.6,8.9,8.4,8,7.8,7.7,7.6,7.6,7.6,7.6,7.6,7.5,7.5,7.4,7.4,7.5,7.5,7.6,7.8,7.9,8,
North America,NAC,"Mortality rate, infant, male (per 1,000 live births)",SP.DYN.IMRT.MA.IN,,,,,,,,,,,,,,,,,,,,,,,,,,,,,,,10.2,9.9,9.5,9.1,8.8,8.5,8.3,8.1,7.9,7.7,7.6,7.5,7.5,7.4,7.4,7.3,7.2,7.1,6.9,6.8,6.7,6.6,6.5,6.4,6.3,6.2,6.1,6.1,6,5.9,5.8,
Namibia,NAM,"Mortality rate, infant, male (per 1,000 live births)",SP.DYN.IMRT.MA.IN,,,,,,,,66.9,67,67.2,67.4,67.7,67.9,68.3,68.8,69.3,69.9,70.4,70.9,71,70.6,69.7,68.4,66.6,64.5,62.2,60,57.9,56.1,54.5,53.2,52.1,51.3,50.7,50.6,50.8,51,50.9,50.6,50,49.1,48.3,47.6,47.4,46.7,43.1,40.9,41.2,41.1,42.1,40.3,40.4,41.5,39.3,37.3,36.7,36.1,35.3,34.7,34,33.2,
New Caledonia,NCL,"Mortality rate, infant, male (per 1,000 live births)",SP.DYN.IMRT.MA.IN,,,,,,,,,,,,,,,,,,,,,,,,,,,,,,,,,,,,,,,,,,,,,,,,,,,,,,,,,,,,,,
Niger,NER,"Mortality rate, infant, male (per 1,000 live births)",SP.DYN.IMRT.MA.IN,,,,,,,,136.4,137.8,139.3,140.9,142.3,143.6,144.6,145,144.5,143.6,142.1,140.3,138.9,138.1,137.9,138.6,139.9,141.4,142.8,143.8,143.9,143.3,141.9,139.9,137.7,134.8,131.2,126.8,122.2,117.5,113.4,109.7,106.3,103,99.7,96.1,92.2,88.2,84.3,80.4,76.8,73.3,70,66.9,64.2,61.8,59.7,58,56.3,54.8,53.5,52.2,50.9,49.8,
Nigeria,NGA,"Mortality rate, infant, male (per 1,000 live births)",SP.DYN.IMRT.MA.IN,,,,,207.3,202.7,198.5,194.3,189.8,185.3,180.6,175.5,170.2,164.9,159.7,154.5,149.6,145.3,141.4,138.1,135.6,133.8,132.7,132.3,132.5,133,133.5,134.2,134.5,134.6,134.6,134.4,133.8,133.1,132.2,130.9,129.2,127,124.6,121.6,118.4,115.3,112.2,109.2,106.3,103.3,100.5,97.8,95.4,93.4,91.7,90.3,89,88,87,86.1,85,83.7,82.2,80.4,78.6,
Nicaragua,NIC,"Mortality rate, infant, male (per 1,000 live births)",SP.DYN.IMRT.MA.IN,143.4,142.4,141.1,139.9,138.6,137,135.4,133.5,131.5,129.4,127,124.4,129.3,117.9,114,109.5,104.7,99.6,94.5,89.5,84.8,80.4,76.3,72.8,69.6,66.8,64.4,62.2,60.1,58,55.9,53.7,51.4,49.2,47,44.7,42.6,40.5,41.1,36.5,34.8,33.2,31.7,30.3,29,27.8,26.6,25.5,24.5,23.6,22.6,21.8,20.9,20.1,19.3,18.6,17.9,17.2,16.5,16,15.4,
Netherlands,NLD,"Mortality rate, infant, male (per 1,000 live births)",SP.DYN.IMRT.MA.IN,18.6,18.1,17.6,17.2,16.8,16.4,16,15.6,15.2,14.7,14.3,13.7,13.2,12.7,12.2,11.8,11.3,10.9,10.5,10.2,9.9,9.6,9.4,9.2,9.1,8.9,8.7,8.4,8.2,7.9,7.7,7.4,7.1,6.8,6.6,6.3,6.2,6,5.9,5.8,5.7,5.6,5.4,5.3,5.1,4.9,4.7,4.5,4.4,4.2,4.1,4,3.9,3.8,3.8,3.8,3.8,3.8,3.8,3.9,3.9,
Norway,NOR,"Mortality rate, infant, male (per 1,000 live births)",SP.DYN.IMRT.MA.IN,20.7,20.2,19.7,19.2,18.7,18,17.3,16.7,16.1,15.5,14.9,14.4,13.8,13.2,12.5,11.8,11.2,10.5,9.9,9.5,9.1,9,8.9,9,9.1,9.2,9.3,9.2,8.9,8.4,7.8,7.2,6.5,5.9,5.5,5.1,4.9,4.7,4.6,4.5,4.4,4.2,4.1,3.9,3.8,3.6,3.5,3.3,3.2,3.1,2.9,2.8,2.7,2.6,2.5,2.4,2.4,2.3,2.2,2.1,2,
Nepal,NPL,"Mortality rate, infant, male (per 1,000 live births)",SP.DYN.IMRT.MA.IN,226.3,223.4,219.9,215.9,211.5,206.8,202.1,197.5,193,188.7,184.6,180.7,176.7,172.9,169.1,165.5,161.9,158,154.2,150,145.8,141.6,137.4,133.3,128.9,124.6,120.2,115.9,111.4,106.8,102.2,97.5,92.9,88.5,84.4,80.4,76.5,72.9,69.5,66,62.8,59.8,56.9,54.2,51.8,49.4,47.2,45.2,43.3,41.4,39.6,37.9,36.3,34.7,33.2,31.7,30.3,28.9,27.8,26.7,25.7,
Nauru,NRU,"Mortality rate, infant, male (per 1,000 live births)",SP.DYN.IMRT.MA.IN,,,,,,,,,,,,,,,,,,,,,,,,,,68.3,65.6,62.9,60.4,58,55.7,53.4,51.1,49,46.9,45.1,43.3,41.7,40.2,38.9,37.7,36.7,35.9,35.2,34.7,34.5,34.4,34.4,34.3,34.1,33.7,33.1,32.5,31.8,31.1,30.3,29.5,28.8,27.9,27.1,26.3,
New Zealand,NZL,"Mortality rate, infant, male (per 1,000 live births)",SP.DYN.IMRT.MA.IN,25.3,24.4,23.5,22.6,21.8,21.1,20.6,20.2,19.8,19.4,19.1,18.7,18.2,17.8,17.3,16.8,16.3,15.8,15.3,14.8,14.3,14,13.6,13.3,13,12.6,12.3,11.8,11.3,10.8,10.2,9.7,9.1,8.7,8.3,7.9,7.6,7.4,7.1,6.9,6.7,6.6,6.4,6.3,6.1,6,5.9,5.8,5.7,5.7,5.6,5.5,5.4,5.3,5.1,5,4.8,4.7,4.6,4.4,4.3,
OECD members,OED,"Mortality rate, infant, male (per 1,000 live births)",SP.DYN.IMRT.MA.IN,,,,,,,,,,,,,,,,,,,,,,,,,,,,,,,19.23613784,18.42288785,17.61460533,16.84686905,16.07354025,15.37616653,14.69834126,14.07014117,13.48198549,12.9303578,12.39551198,11.87552412,11.37670153,10.94156327,10.47870308,10.05594916,9.652921026,9.295351194,8.939498766,8.628216002,8.307765545,8.03394356,7.804610726,7.576622552,7.377609026,7.16255603,6.975906904,6.805903717,6.625244081,6.451930731,6.264682533,
Oman,OMN,"Mortality rate, infant, male (per 1,000 live births)",SP.DYN.IMRT.MA.IN,,,,230.4,219.8,209.4,199.7,189.9,180.7,171.3,162.1,153.7,145.7,137.8,130,122.3,114.8,107.2,99.6,92.1,84.9,78,71.5,65.3,59.7,54.4,49.7,45.4,41.5,38.1,35,32,29.3,26.9,24.7,22.7,20.9,19.4,18,16.7,15.6,14.6,13.8,13.1,12.6,12.1,11.8,11.5,11.4,11.2,11.1,10.9,10.8,10.7,10.6,10.6,10.6,10.5,10.5,10.5,10.4,
Other small states,OSS,"Mortality rate, infant, male (per 1,000 live births)",SP.DYN.IMRT.MA.IN,,,,,,,,,,,,,,,,,,,,,,,,,,,,,,,70.22019932,69.22708406,68.47851723,67.91137602,67.43945464,66.99388924,66.43988643,65.72781972,64.92707294,64.00596445,62.96391587,61.86418466,60.71228315,59.59380898,58.25399129,56.42030876,54.40522874,53.21949843,52.45769012,50.86101652,49.085871,47.85077799,46.9159274,45.73748435,44.85466092,43.7522426,42.75581827,41.87964607,40.73537875,39.78780845,38.90518899,
Pakistan,PAK,"Mortality rate, infant, male (per 1,000 live births)",SP.DYN.IMRT.MA.IN,194,187.2,180.8,174.7,169.4,164.6,160.4,156.8,153.5,150.5,147.8,145.3,143,140.8,139,137.4,135.8,134.3,132.9,131.6,130.1,128.8,127.3,125.8,124.2,122.5,120.8,119,117,115.1,113,110.9,108.8,106.6,104.2,101.8,99.5,97.1,94.7,92.5,90.3,88.4,86.7,85.2,83.9,82.6,81.4,80.1,78.8,77.5,76,74.4,72.7,71,69.3,67.5,65.8,64.1,62.4,60.7,59,
Panama,PAN,"Mortality rate, infant, male (per 1,000 live births)",SP.DYN.IMRT.MA.IN,72,70.2,68.3,66.5,64.7,63.1,61.5,59.9,58.3,56.6,54.7,52.8,50.7,48.6,46.7,45,43.5,42.1,40.9,39.7,38.6,37.5,36.3,35.2,34.1,33,32,31.1,30.3,29.4,28.7,28,27.4,27,26.6,26.2,25.8,25.5,25.1,24.7,24.2,23.7,23.2,22.6,22.1,21.5,21,20.5,19.9,19.3,18.8,18.3,17.7,17.2,16.7,16.2,15.6,15.2,14.6,14.1,13.6,
Peru,PER,"Mortality rate, infant, male (per 1,000 live births)",SP.DYN.IMRT.MA.IN,146.2,142.9,139.5,136,132.2,128.6,125,121.6,118.4,115.5,122.7,109.9,107.2,104.5,101.7,99,96.8,94.8,93,91.3,89.6,87.7,85.6,83.1,80.2,76.9,73.5,70.1,66.9,63.9,61.1,58.2,55.2,52.2,49.1,46,43,40,37.2,34.4,31.9,29.7,27.6,25.8,24.1,22.6,21.2,20,18.8,17.8,16.9,16,15.3,14.6,13.9,13.3,12.8,12.2,11.8,11.3,10.9,
Philippines,PHL,"Mortality rate, infant, male (per 1,000 live births)",SP.DYN.IMRT.MA.IN,72,70.1,68.5,67.2,66,65,63.9,63,62.1,61.4,60.9,60.5,60.3,60.3,60.4,60.4,60.4,60.2,59.9,59.5,59,58.4,57.8,57,56,54.8,53.2,51.4,49.3,47.1,44.8,42.7,40.8,39.1,37.6,36.3,35.1,34.1,33.3,32.6,32,31.4,30.9,30.4,29.8,29.4,28.9,28.5,28.1,27.7,27.4,27.1,26.8,26.5,26.2,25.9,25.5,25,24.5,23.9,23.2,
Palau,PLW,"Mortality rate, infant, male (per 1,000 live births)",SP.DYN.IMRT.MA.IN,,,,,,,,,,,,,,,,,,,,,,,,,,33.7,33.3,33.1,33.1,33.1,33.1,32.9,32.6,32.2,31.7,31.1,30.5,29.8,29.2,28.6,28.2,27.7,27.3,27,26.5,26.2,25.7,25.2,24.7,24.1,23.6,23,22.3,21.7,21,20.3,19.7,19.1,18.5,18,17.4,
Papua New Guinea,PNG,"Mortality rate, infant, male (per 1,000 live births)",SP.DYN.IMRT.MA.IN,140,136,132.2,128.4,124.8,121.3,117.9,114.6,111.3,108.1,105,102,99,96.2,93.6,91.1,88.6,86.4,84.2,82.2,80.4,78.6,76.9,75.3,73.8,72.4,71.2,69.9,68.7,67.5,66.4,65.3,64.2,63.2,62.3,61.4,60.5,59.6,58.8,58.1,57.2,56.4,55.7,54.8,54,53.1,52.2,51.2,50.3,49.3,48.3,47.3,46.3,45.4,44.4,43.4,42.4,41.4,40.3,39.2,38.2,
Poland,POL,"Mortality rate, infant, male (per 1,000 live births)",SP.DYN.IMRT.MA.IN,64.2,59.1,55.4,52.1,48.6,45.4,42.6,40.3,38.5,37.4,36,34.3,32.4,30.6,29,27.9,27,26.3,25.6,24.8,24,23.3,22.5,21.7,20.9,20,19.3,18.6,18.1,17.5,17,16.5,15.9,15.4,14.7,13.8,12.7,11.4,10.3,9.4,8.8,8.3,8,7.7,7.4,7.1,6.9,6.6,6.3,5.9,5.6,5.3,5.1,4.9,4.7,4.5,4.4,4.3,4.2,4.1,4,
Pre-demographic dividend,PRE,"Mortality rate, infant, male (per 1,000 live births)",SP.DYN.IMRT.MA.IN,,,,,,,,,,,,,,,,,,,,,,,,,,,,,,,118.0256238,116.93779,115.7398052,114.563419,113.1264187,111.593372,109.8516685,107.8208594,105.5922234,103.0234305,100.225395,97.27115694,94.22029693,91.15768553,88.18739167,85.25227277,82.51056294,79.86652206,77.40726116,75.19081814,73.17849313,71.19964462,69.36069063,67.68476793,66.14836743,64.6915392,63.18455351,61.6875206,60.17709121,58.69376962,57.22701271,
Puerto Rico,PRI,"Mortality rate, infant, male (per 1,000 live births)",SP.DYN.IMRT.MA.IN,,,,,,,,,,,,,,,,,,,,,,,,,,,,,,,,,,,,,,,,,,,,,,,,,,,,,,,,,,,,,,
"Korea, Dem. People's Rep.",PRK,"Mortality rate, infant, male (per 1,000 live births)",SP.DYN.IMRT.MA.IN,,,,,,,,,,,,,,,,,,,,,,,,,,30.6,30.3,30.6,31.8,33.9,36.8,40.6,45.1,49.8,54.4,58,60,60,57.9,54,48.7,43,37.7,33.5,30.7,29.2,28.7,28.4,27.9,27,25.5,23.8,22,20.3,18.9,17.7,16.7,15.9,15.2,14.5,12.9,
Portugal,PRT,"Mortality rate, infant, male (per 1,000 live births)",SP.DYN.IMRT.MA.IN,90.8,88.6,85,80,75.3,71.7,68.9,67,65.5,63.5,60.4,56.6,52.2,47.8,43.8,40.1,36.6,33.2,30,27.4,25.4,23.7,22.2,20.7,19.5,18.4,17.3,16.1,15,13.8,12.8,11.7,10.7,9.7,8.9,8.2,7.7,7.2,6.8,6.4,6,5.6,5.1,4.6,4.2,3.9,3.7,3.6,3.5,3.4,3.3,3.3,3.2,3.2,3.2,3.3,3.3,3.2,3.2,3.1,3,
Paraguay,PRY,"Mortality rate, infant, male (per 1,000 live births)",SP.DYN.IMRT.MA.IN,65.3,64.8,64.4,64.1,63.8,63.6,63.4,63.1,62.9,62.5,62.1,61.7,61.2,60.5,59.7,58.9,58,57.1,56,54.9,53.6,52.2,50.8,49.3,47.9,46.4,45,43.6,42.2,40.8,39.6,38.3,37.1,36,35,34.1,33.3,32.6,31.9,31.2,30.6,30,29.4,28.7,28.1,27.5,26.8,26.2,25.6,24.9,24.2,23.5,22.9,22.2,21.6,20.9,20.3,19.7,19,18.4,17.8,
West Bank and Gaza,PSE,"Mortality rate, infant, male (per 1,000 live births)",SP.DYN.IMRT.MA.IN,,,,,,,,,,,,,,,,80.2,76.1,72.1,68.4,64.9,61.6,58.5,55.7,53,50.4,47.9,45.6,43.5,41.5,39.6,38,36.5,35.1,33.8,32.7,31.6,30.6,29.6,28.7,27.8,27.1,26.3,25.6,24.9,24.2,23.5,22.8,22.1,21.5,20.8,20.3,19.7,19.2,18.7,18.2,17.7,17.3,16.8,16.3,15.8,15.3,
Pacific island small states,PSS,"Mortality rate, infant, male (per 1,000 live births)",SP.DYN.IMRT.MA.IN,,,,,,,,,,,,,,,,,,,,,,,,,,,,,,,31.58119775,30.65908693,29.77625909,29.02665324,28.28201847,27.59824419,27.021941,26.48734259,26.05337183,25.58522062,25.22950912,24.93845678,24.72367128,24.65208217,24.65740757,24.71011761,24.7211428,24.75163409,24.67829077,24.72988145,24.32479889,24.06830717,23.83533769,23.56930474,23.35186908,23.08867121,22.87303431,22.66805251,22.44525123,22.17138242,21.87635009,
Post-demographic dividend,PST,"Mortality rate, infant, male (per 1,000 live births)",SP.DYN.IMRT.MA.IN,,,,,,,,,,,,,,,,,,,,,,,,,,,,,,,9.937997682,9.558796585,9.1844759,8.789571416,8.366331843,7.972731663,7.627351649,7.345170381,7.074568017,6.85943847,6.647933432,6.469630676,6.295979437,6.172099097,6.022193607,5.88893809,5.740433536,5.623836523,5.482520842,5.351577823,5.186016438,5.064790811,4.941931772,4.836153457,4.749711712,4.67504966,4.602919684,4.565153294,4.506190636,4.437879555,4.361180093,
French Polynesia,PYF,"Mortality rate, infant, male (per 1,000 live births)",SP.DYN.IMRT.MA.IN,,,,,,,,,,,,,,,,,,,,,,,,,,,,,,,,,,,,,,,,,,,,,,,,,,,,,,,,,,,,,,
Qatar,QAT,"Mortality rate, infant, male (per 1,000 live births)",SP.DYN.IMRT.MA.IN,,,,,,,,,,57.4,54.2,51.2,48.3,45.6,43.1,40.8,38.7,36.9,35.2,33.7,32.2,30.9,29.6,28.3,27.1,25.8,24.5,23.2,21.9,20.6,19.3,18,16.9,15.9,15,14.2,13.6,13,12.5,12,11.6,11.1,10.7,10.4,10,9.7,9.4,9.1,8.9,8.7,8.5,8.3,8,7.8,7.5,7.2,6.8,6.4,6,5.6,5.3,
Romania,ROU,"Mortality rate, infant, male (per 1,000 live births)",SP.DYN.IMRT.MA.IN,78.2,72.4,63.7,55.4,50.7,50.5,53.3,57.4,60.4,58.6,52.1,45.4,42,40.6,39.5,37.6,35.5,34,32.9,32.1,31.3,30.1,28.5,27.2,26.7,27.6,28.8,29.7,29.8,29,27.3,25.7,25,24.8,24.8,24.6,24.1,23.4,22.4,21.2,20,19.2,18.9,18.8,18.3,17.2,15.7,14.4,13.3,12.4,11.7,11.1,10.5,9.9,9.2,8.5,7.8,7.2,6.7,6.4,6.1,
Russian Federation,RUS,"Mortality rate, infant, male (per 1,000 live births)",SP.DYN.IMRT.MA.IN,,,,,,,,,,,34.1,32.7,31.4,30.1,29.1,28.1,27.4,26.7,26.1,25.6,25.2,24.8,24.3,23.8,23.4,22.9,22.3,21.6,20.8,20.2,19.9,19.8,19.8,19.9,20,19.9,19.7,19.3,18.8,18.2,17.6,16.7,15.7,14.6,13.5,12.5,11.5,10.7,10,9.6,9.3,9,8.8,8.4,7.9,7.3,6.7,6.1,5.6,5.2,4.8,
Rwanda,RWA,"Mortality rate, infant, male (per 1,000 live births)",SP.DYN.IMRT.MA.IN,139.3,136.6,134.6,133.3,132.8,132.7,133.3,134.2,136,138,139.9,141.7,144.1,147.5,151.5,155.4,158,158.1,154.4,147.4,138.2,128.3,119.5,112.9,108.1,104.6,101.5,99,97.1,96.6,98.6,103.7,111.4,120.7,197.8,136.8,139,136.9,131.8,124.8,116.2,106.4,96.4,87,78.1,70.5,64,58.8,54.4,51,47.8,44.3,42.3,40.5,39,37.7,36.8,36,35,34.1,33.2,
South Asia,SAS,"Mortality rate, infant, male (per 1,000 live births)",SP.DYN.IMRT.MA.IN,,,,,,,,,,,,,,,,,,,,,,,,,,,,,,,95.2,92.7,90.2,87.6,85,82.5,80,77.3,74.7,72.5,69.8,67.3,64.8,62.6,60.9,58.6,56.8,54.8,52.9,51.1,49,47.2,45.4,43.7,42,40.3,38.7,37.2,35.7,34.3,33,
Saudi Arabia,SAU,"Mortality rate, infant, male (per 1,000 live births)",SP.DYN.IMRT.MA.IN,,,,,,,,,,,,,113.7,107.3,101,95.2,89.7,84.6,79.7,75.1,70.7,66.6,62.7,59.1,55.6,52.2,49,45.9,42.9,40.1,37.4,34.9,32.6,30.5,28.5,26.8,25.1,23.6,22.2,20.9,19.7,18.6,17.5,16.6,15.7,14.8,13.9,13.2,12.4,11.7,10.9,10.3,9.7,9.1,8.5,8,7.6,7.1,6.8,6.4,6.2,
Sudan,SDN,"Mortality rate, infant, male (per 1,000 live births)",SP.DYN.IMRT.MA.IN,114.3,112.8,111.3,109.8,108.5,107.3,106.2,105.2,104.4,103.7,103.1,102.6,102.1,101.6,101.1,100.6,100,99.5,98.9,98.3,97.9,97.4,96.9,121.6,120.3,119,94.3,93.4,92.4,91.3,90.1,88.8,87.5,86.2,84.7,83.3,81.7,80,78.1,76.1,74,71.9,69.8,67.8,65.8,63.9,62.2,60.5,59,57.6,56.3,55,53.8,52.6,51.4,50.2,48.9,47.8,46.6,45.4,44.3,
Senegal,SEN,"Mortality rate, infant, male (per 1,000 live births)",SP.DYN.IMRT.MA.IN,136.5,136.5,136.8,137.2,137.5,137.5,137.4,137,136.3,135.4,134,132,129.6,126.9,123.7,120.2,116.3,112.3,108.5,104.9,101.9,99.4,97.2,94.8,92.4,89.5,86.3,83.1,80.3,78.1,76.7,76,75.9,76.2,76.6,77.2,77.5,77.5,77,75.9,74.1,71.5,68.5,65.2,61.9,58.7,55.9,53.3,51,48.9,47,45.2,43.5,41.8,40.2,38.6,37.1,35.6,34.3,33.2,32.1,
Singapore,SGP,"Mortality rate, infant, male (per 1,000 live births)",SP.DYN.IMRT.MA.IN,39.5,36.7,34.5,32.8,31.7,30.8,29.7,28.2,26.8,25.5,24.4,23.3,22,20.3,18,15.8,14.4,13.9,13.8,13.7,13.4,12.8,11.9,10.9,10.2,9.6,9.1,8.6,8,7.4,6.6,6,5.4,4.9,4.5,4.3,4.1,3.9,3.7,3.5,3.3,3.1,2.9,2.7,2.6,2.5,2.5,2.4,2.4,2.4,2.4,2.4,2.4,2.4,2.4,2.4,2.4,2.3,2.3,2.1,2,
Solomon Islands,SLB,"Mortality rate, infant, male (per 1,000 live births)",SP.DYN.IMRT.MA.IN,122.9,118.1,113.4,108.9,104.2,99.7,95.2,90.5,85.7,81,76.2,71.7,67.5,63.5,59.9,59.5,53.6,50.8,48.3,46.2,44.4,42.7,41.3,40,38.9,37.8,36.8,36,35.2,34.5,33.7,32.9,32.1,31.4,30.6,30,29.4,28.9,28.5,28,27.7,27.4,27.1,26.9,26.7,26.5,26.2,25.8,25.3,24.7,24.2,23.5,22.9,22.3,21.7,21.1,20.5,19.9,19.3,18.7,18.1,
Sierra Leone,SLE,"Mortality rate, infant, male (per 1,000 live births)",SP.DYN.IMRT.MA.IN,234.2,231,227.6,224.2,221,217.8,214.5,211.2,208.1,204.9,202.1,199.2,196.4,193.6,191,188.5,186.3,184.1,181.9,179.8,177.9,176.1,174.5,173,171.5,170.1,168.8,167.7,166.5,165.5,164.5,163.6,162.6,161.5,160,158.1,156,153.8,151.5,148.7,146.2,143.4,140.7,137.7,134.5,131.4,128,124.6,121.1,117.4,114,110.6,107.4,104.5,102.4,101.9,96.4,93.8,91.2,88.8,86.4,
El Salvador,SLV,"Mortality rate, infant, male (per 1,000 live births)",SP.DYN.IMRT.MA.IN,133.6,131.2,128.8,126.4,124.2,122,119.9,117.8,115.8,113.6,111.5,109.2,106.8,104.4,101.6,98.8,95.6,92.3,88.8,85.3,89.3,78,74.4,70.9,67.4,64.1,61,58,55.3,52.8,50.4,48,45.7,43.5,41.3,39.2,37.1,35.2,33.3,31.6,30,28.5,27.1,25.7,24.5,23.3,22.2,21.1,20.1,19.1,18.2,17.4,16.6,15.9,15.2,14.6,14.1,13.6,13.1,12.6,12.2,
San Marino,SMR,"Mortality rate, infant, male (per 1,000 live births)",SP.DYN.IMRT.MA.IN,,,,,,,,,,,,,,,,,,,,,,,,,,22.3,20.3,18.4,16.7,15.1,13.7,12.4,11.2,10.2,9.3,8.5,7.7,7,6.5,5.9,5.4,5,4.6,4.3,4,3.7,3.5,3.3,3.1,2.9,2.7,2.6,2.5,2.3,2.2,2.1,2,1.9,1.8,1.8,1.7,
Somalia,SOM,"Mortality rate, infant, male (per 1,000 live births)",SP.DYN.IMRT.MA.IN,,,,,,,,,,,,,,,,,,,,,,,,,122.7,121.6,120.6,119.7,118.5,117,115.1,113.1,111.7,111,110.8,110.9,110.8,110.8,110.9,110.9,110.9,110.9,110.9,110.9,110.9,110.9,110.6,109.7,107.7,105.2,102.9,100.2,97.5,94.7,92.2,89.7,87.5,85,82.6,80.3,78.1,
Serbia,SRB,"Mortality rate, infant, male (per 1,000 live births)",SP.DYN.IMRT.MA.IN,,,,,,,,,,,,,,,,,,,,,,,,,36.8,35.4,34,32.6,30.9,28.5,25.9,23.7,22.5,21.7,20.5,18.6,16.6,14.8,13.5,12.7,12.3,11.9,11.2,10.2,9.4,8.7,8.2,7.9,7.7,7.5,7.3,7.1,6.8,6.6,6.3,6,5.8,5.6,5.5,5.4,5.4,
Sub-Saharan Africa (excluding high income),SSA,"Mortality rate, infant, male (per 1,000 live births)",SP.DYN.IMRT.MA.IN,,,,,,,,,,,,,,,,,,,,,,,,,,,,,,,115.0410557,114.1283963,113.1556965,112.1844129,111.7757957,109.62905,107.992685,106.0286572,103.8172626,101.3177677,98.55559729,95.60446944,92.54687111,89.49079889,86.54228933,83.59883381,80.8474608,78.17615032,75.62725509,73.25715793,71.07391762,69.02748014,67.11127698,65.39971531,63.83989872,62.3534658,60.84564296,59.370135,57.87716747,56.44305219,55.04757422,
South Sudan,SSD,"Mortality rate, infant, male (per 1,000 live births)",SP.DYN.IMRT.MA.IN,,,,,,,,,,,,,,,,,,,,182.5,180.3,178.5,176.2,174.2,172.1,169.8,167.2,164.5,161.7,158.9,155.9,152.7,149.5,145.8,141.9,137.8,133.7,129.3,124.8,120.1,115.2,110.3,105.6,101,96.5,92.3,88.3,84.6,81,77.5,74.4,71.6,69.5,68.5,68.3,68.3,68.3,68.3,68.5,68.4,68.6,
Sub-Saharan Africa,SSF,"Mortality rate, infant, male (per 1,000 live births)",SP.DYN.IMRT.MA.IN,,,,,,,,,,,,,,,,,,,,,,,,,,,,,,,115.1,114.2,113.2,112.2,111.8,109.6,108,106.1,103.8,101.3,98.6,95.6,92.6,89.5,86.6,83.6,80.9,78.2,75.7,73.3,71.1,69.1,67.2,65.4,63.9,62.4,60.9,59.4,57.9,56.5,55.1,
Small states,SST,"Mortality rate, infant, male (per 1,000 live births)",SP.DYN.IMRT.MA.IN,,,,,,,,,,,,,,,,,,,,,,,,,,,,,,,60.19707073,59.34956152,58.67007938,58.13175276,57.65162469,57.20634069,56.69179151,56.07870501,55.41634964,54.68991348,53.89228002,53.05833928,52.19554906,51.37080443,50.37094391,48.98255112,47.43813536,46.5319795,45.94066502,44.69093694,43.26540491,42.2638326,41.50222011,40.52932344,39.79393335,38.87179411,38.03594112,37.29422135,36.33498182,35.5425174,34.75836283,
Sao Tome and Principe,STP,"Mortality rate, infant, male (per 1,000 live births)",SP.DYN.IMRT.MA.IN,,,,,,67.6,65.8,64.2,63,62.1,61.7,61.8,62,62.4,62.8,63.2,63.5,63.8,64,64.4,64.9,65.6,66.6,67.8,69.2,70.6,75.8,73,74,74.9,75.6,76,76,75.7,74.7,73.1,71.1,68.7,65.9,62.8,59.5,56.3,52.8,49.6,46.4,43.4,40.5,37.9,35.4,33,30.8,28.5,26.5,24.5,22.5,20.6,18.9,17.3,16,15,14.1,
Suriname,SUR,"Mortality rate, infant, male (per 1,000 live births)",SP.DYN.IMRT.MA.IN,,,,,,,,,,,,,,,,,,,,,,,,53,51.4,49.9,48.4,47,45.6,44.2,42.8,41.5,40.2,38.9,37.6,36.4,35.1,33.9,32.8,31.7,30.6,29.6,28.7,27.9,27.1,26.3,25.6,24.9,24.2,23.6,23,22.5,21.9,21.3,20.8,20.3,19.8,19.3,18.7,18.1,17.6,
Slovak Republic,SVK,"Mortality rate, infant, male (per 1,000 live births)",SP.DYN.IMRT.MA.IN,,,,,,,,,,,,,,,,,,,,,,21.4,20.5,19.6,18.7,17.9,17.1,16.3,15.6,14.9,14.2,13.6,13,12.4,11.9,11.3,10.8,10.3,9.9,9.4,9.1,8.7,8.4,8.1,7.8,7.5,7.3,7,6.8,6.6,6.4,6.2,6,5.8,5.7,5.6,5.5,5.4,5.3,5.2,5.1,
Slovenia,SVN,"Mortality rate, infant, male (per 1,000 live births)",SP.DYN.IMRT.MA.IN,,,,,,,,,,,,,,,,,,,,,,17.1,16.2,15.3,14.5,13.6,12.8,12,11.2,10.4,9.7,9.1,8.4,7.9,7.3,6.8,6.4,6,5.6,5.3,5,4.7,4.4,4.2,4,3.8,3.6,3.4,3.2,3,2.9,2.7,2.6,2.5,2.4,2.3,2.2,2.1,2,2,1.9,
Sweden,SWE,"Mortality rate, infant, male (per 1,000 live births)",SP.DYN.IMRT.MA.IN,18.5,18.1,17.6,17,16.2,15.5,14.8,14.2,13.7,13.3,12.8,12.3,11.7,11.1,10.4,9.8,9.3,8.9,8.5,8.2,7.9,7.7,7.4,7.3,7.2,7.1,7,6.9,6.8,6.7,6.5,6.2,5.7,5.3,4.8,4.5,4.2,4,3.9,3.8,3.7,3.7,3.6,3.5,3.4,3.2,3.1,3,2.9,2.8,2.7,2.7,2.6,2.6,2.6,2.5,2.5,2.5,2.4,2.4,2.3,
Eswatini,SWZ,"Mortality rate, infant, male (per 1,000 live births)",SP.DYN.IMRT.MA.IN,150.3,148,145.7,143.4,140.8,138.3,135.6,133,130.3,127.6,124.7,121.7,118.3,114.7,110.9,106.9,103.1,99.3,95.6,91.9,88.3,84.6,80.8,83,73.2,69.6,66.2,63.1,60.4,58.3,56.9,56.4,57.1,58.9,61.2,63.7,66,68.2,70.4,72.4,74.4,75.7,76.1,76.4,75.5,74.7,64.4,64.9,66.8,63.4,60,56.6,55.6,54.4,54.9,49.6,46.9,47.8,43.5,41.6,41.4,
Sint Maarten (Dutch part),SXM,"Mortality rate, infant, male (per 1,000 live births)",SP.DYN.IMRT.MA.IN,,,,,,,,,,,,,,,,,,,,,,,,,,,,,,,,,,,,,,,,,,,,,,,,,,,,,,,,,,,,,,
Seychelles,SYC,"Mortality rate, infant, male (per 1,000 live births)",SP.DYN.IMRT.MA.IN,78.7,77.7,76.8,75.6,74.3,72.7,70.7,68.4,65.7,62.6,59.3,56,52.6,49.3,45.9,42.5,39.1,35.8,32.6,29.7,27.1,24.9,23,21.4,20.1,18.9,18,17.1,16.4,15.8,15.2,14.6,14.1,13.7,13.3,13.1,12.8,12.6,12.5,12.4,12.3,12.3,12.3,12.3,12.3,12.4,12.5,12.6,12.7,12.7,12.9,13,13.1,13.3,13.5,13.6,13.6,13.5,13.4,13.1,12.8,
Syrian Arab Republic,SYR,"Mortality rate, infant, male (per 1,000 live births)",SP.DYN.IMRT.MA.IN,117.8,112.7,108.3,104.2,100.2,96.4,92.7,88.8,84.9,81.1,77.3,73.7,70.4,67.3,64.3,61.5,58.9,56.4,53.9,51.5,49,49.2,51,42.4,40.6,38.9,37.3,36,34.8,33.6,32.5,31.4,30.3,29.1,27.9,26.7,25.5,24.4,23.4,22.4,21.6,20.8,20.1,19.5,19,18.6,18.2,18,17.8,17.8,17.8,18.3,25.1,28.5,29.3,27.3,26.7,20.6,20.6,20.2,20.2,
Turks and Caicos Islands,TCA,"Mortality rate, infant, male (per 1,000 live births)",SP.DYN.IMRT.MA.IN,,,,,,,,,,,,,,,,,,,,,,,,,,,,,,,,,,,,,,,,,,,,,,,,,,,,,,,,,,,,,,
Chad,TCD,"Mortality rate, infant, male (per 1,000 live births)",SP.DYN.IMRT.MA.IN,,,,,,,,,,,,,137.8,137.1,136.5,135.8,135.1,134.4,133.5,132.7,131.8,130.7,129.6,128.4,127.2,126,124.7,123.4,122.2,120.9,119.6,118.3,117.1,115.9,114.8,113.7,112.6,111.5,110.4,109,107.7,106.3,104.8,103.3,101.8,100.2,98.5,96.8,95,93.2,91.4,89.5,87.7,85.9,84.2,82.4,80.7,78.9,77,75.2,73.5,
East Asia & Pacific (IDA & IBRD countries),TEA,"Mortality rate, infant, male (per 1,000 live births)",SP.DYN.IMRT.MA.IN,,,,,,,,,,,,,,,,,,,,,,,,,,,,,,,49.27755052,48.59246514,47.55564533,46.41106001,45.07863446,43.62603827,42.12242469,40.52669526,38.95126585,37.28480596,35.56267907,33.74138444,31.85905142,30.05853712,28.61759928,26.59694705,25.01102641,23.60036013,22.70085667,21.11428025,19.99667931,19.00399172,18.03295869,17.15557538,16.37349353,15.59750216,14.9037913,14.23159524,13.64694657,13.15176167,12.65531095,
Europe & Central Asia (IDA & IBRD countries),TEC,"Mortality rate, infant, male (per 1,000 live births)",SP.DYN.IMRT.MA.IN,,,,,,,,,,,,,,,,,,,,,,,,,,,,,,,38.87716503,38.63506099,38.64376856,38.5478774,38.2091546,37.49753909,36.49514553,35.18185551,33.72207117,32.09769564,30.41118522,28.67106855,26.94484738,25.27856188,23.65750799,22.14919651,20.74990801,19.46222678,18.29579358,17.2673495,16.37373496,15.50752544,14.76161865,14.02949592,13.30200399,12.59845552,11.94507682,11.32604711,10.78918133,10.316373,9.84996326,
Togo,TGO,"Mortality rate, infant, male (per 1,000 live births)",SP.DYN.IMRT.MA.IN,167,165.4,163.5,161.6,159.6,157.5,155.1,152.6,149.9,147.2,144.4,141.5,138.6,135.8,132.8,129.9,127,124.1,121.3,118.7,116.1,113.7,111.4,109.1,107.2,105.4,103.7,102.2,100.8,99.5,98.3,97.2,96.2,95,93.8,92.3,90.7,88.8,86.8,84.8,82.7,80.6,78.4,76.3,74.3,72.3,70.4,68.7,66.9,65.1,63.4,61.8,60.2,58.6,57,55.5,54.1,52.7,51.2,49.8,48.6,
Thailand,THA,"Mortality rate, infant, male (per 1,000 live births)",SP.DYN.IMRT.MA.IN,108.4,105.1,101.8,98.6,95.5,92.4,89.3,86.3,83.3,80.2,77.2,74.2,71.3,68.4,65.7,63,60.5,58.2,55.9,53.7,51.6,49.6,47.6,45.7,43.9,42.1,40.3,38.6,36.9,35.2,33.6,32,30.5,29.1,27.7,26.5,25.2,24.1,23,21.9,20.9,19.9,18.9,18.1,17.2,16.4,15.7,14.9,14.3,13.6,13,12.4,11.8,11.3,10.8,10.3,9.8,9.3,8.9,8.5,8.1,
Tajikistan,TJK,"Mortality rate, infant, male (per 1,000 live births)",SP.DYN.IMRT.MA.IN,,,,,,,,,,,,,128.2,124.1,120.3,117.1,114.1,111.8,110.2,109.3,108.7,108.3,107.6,106.2,103.9,100.8,97,93.3,90.2,88.4,88.4,90.6,94,96.6,97,95.6,92.7,88.9,84.5,79.7,74.7,69.7,64.8,60.3,56.1,52.4,49.3,46.6,44.4,42.7,41.3,40.2,39.2,38.4,37.6,36.7,35.7,34.7,33.8,32.8,31.8,
Turkmenistan,TKM,"Mortality rate, infant, male (per 1,000 live births)",SP.DYN.IMRT.MA.IN,,,,,,,,,,,,,,,,,,114,110.4,106.9,103.5,100,96.4,92.8,89.2,85.7,82.4,79.4,76.8,74.6,73.2,72.6,72.6,72.8,73.2,73.3,73,72,70.5,68.1,65.4,62.3,59.2,56.1,53.3,50.7,48.4,46.4,44.8,43.5,42.6,42,41.6,41.4,41.4,41.7,41.9,42.1,42.1,41.7,41.1,
Latin America & the Caribbean (IDA & IBRD countries),TLA,"Mortality rate, infant, male (per 1,000 live births)",SP.DYN.IMRT.MA.IN,,,,,,,,,,,,,,,,,,,,,,,,,,,,,,,48.24106267,46.4252519,44.54721772,42.68146099,40.80526003,39.00528754,37.22815533,35.5107212,34.04351815,32.94403044,30.75656171,29.33520557,27.96927024,26.73758168,25.55892215,24.44021307,23.40844097,22.46032768,21.61204699,20.8140646,21.21293969,19.38401143,18.80727366,18.25259175,17.75963036,17.29073388,17.3592141,16.61844011,16.19379674,15.80685532,15.35983661,
Timor-Leste,TLS,"Mortality rate, infant, male (per 1,000 live births)",SP.DYN.IMRT.MA.IN,,,,,,,,,,,,,,,,,,,,,,,,,,172.7,165.2,158.1,151.3,144.9,138.8,133.1,127.7,122.5,117.5,112.7,108,103.4,98.9,94.5,90.3,86.1,82,78.1,74.2,70.3,66.7,63.2,60.2,57.7,55.4,53.4,51.4,49.7,48,46.4,44.9,43.5,42.2,40.9,39.8,
Middle East & North Africa (IDA & IBRD countries),TMN,"Mortality rate, infant, male (per 1,000 live births)",SP.DYN.IMRT.MA.IN,,,,,,,,,,,,,,,,,,,,,,,,,,,,,,,55.56745879,53.76266439,52.08924678,50.47275897,48.92017988,47.34559605,45.77757509,44.24047261,42.64372845,41.09500115,39.52715637,37.98791878,36.48358809,34.94269313,33.47813313,32.103969,30.78616173,29.49857998,28.30951047,27.29933953,26.3808626,25.64439853,25.35513201,24.82336374,24.23981888,23.60592357,23.01104594,22.19489065,21.78481131,21.28017892,20.78888203,
Tonga,TON,"Mortality rate, infant, male (per 1,000 live births)",SP.DYN.IMRT.MA.IN,,,,63.5,60.3,57.1,54,51,48.2,45.4,42.8,40.5,38.4,36.6,34.9,33.4,32,30.7,29.5,28.3,27.4,26.5,25.7,25.1,24.6,24.1,23.6,23.1,22.5,21.8,21.1,20.4,19.7,19.1,18.5,18.1,17.7,17.4,17.1,16.7,16.3,15.9,15.4,15,14.6,14.2,13.8,13.5,13.2,12.9,12.7,12.5,12.3,12.2,12,11.9,11.8,11.6,11.4,11.2,10.9,
South Asia (IDA & IBRD),TSA,"Mortality rate, infant, male (per 1,000 live births)",SP.DYN.IMRT.MA.IN,,,,,,,,,,,,,,,,,,,,,,,,,,,,,,,95.330376,92.80628479,90.19066272,87.65371394,85.09589082,82.55522695,80.03328245,77.34160489,74.74310985,72.55035396,69.792694,67.32446165,64.83855001,62.55294946,60.88051969,58.62079238,56.81063542,54.80786948,52.89446749,51.04629135,49.05806785,47.25078939,45.45258567,43.66676139,42.02188021,40.35814786,38.7619706,37.17044261,35.70991091,34.32166194,33.06807514,
Sub-Saharan Africa (IDA & IBRD countries),TSS,"Mortality rate, infant, male (per 1,000 live births)",SP.DYN.IMRT.MA.IN,,,,,,,,,,,,,,,,,,,,,,,,,,,,,,,115.0336352,114.121233,113.148808,112.1778114,111.7694454,109.623054,107.9869698,106.0232079,103.8120466,101.3127603,98.55077661,95.59983174,92.5424109,89.48652192,86.53819646,83.5949445,80.84377554,78.17267502,75.62398683,73.25408258,71.07103343,69.02476755,67.10871977,65.397297,63.83760378,62.35128058,60.84356051,59.36815285,57.87528818,56.44126755,55.04588398,
Trinidad and Tobago,TTO,"Mortality rate, infant, male (per 1,000 live births)",SP.DYN.IMRT.MA.IN,60.4,58.6,56.8,55.2,53.7,52.4,51.3,50.2,49.3,48.4,47.5,46.6,45.7,44.8,43.8,42.7,41.6,40.5,39.3,38.1,37,35.9,34.9,33.9,33,32.2,31.4,30.7,30.1,29.5,29,28.6,28.2,27.9,27.7,27.5,27.3,27.2,27.1,27.1,26.9,26.8,26.5,26.1,25.7,25.1,24.5,23.9,23.3,22.7,22,21.4,20.8,20.1,19.6,19,18.5,17.9,17.4,16.9,16.3,
Tunisia,TUN,"Mortality rate, infant, male (per 1,000 live births)",SP.DYN.IMRT.MA.IN,,,193.2,184.2,175.6,167.3,159.1,151.4,143.9,136.8,130,123.7,117.8,111.8,105.9,100,94.1,88.4,83,78.1,73.8,69.9,66.4,63.3,60.3,57.5,54.9,52.5,50.4,48.5,46.7,45,43.4,41.6,39.7,37.7,35.6,33.4,31.4,29.3,27.5,25.8,24.2,22.8,21.6,20.6,19.7,18.8,18.2,17.6,17.2,16.9,16.6,16.4,16.2,16.1,16,16,15.9,15.8,15.6,
Turkiye,TUR,"Mortality rate, infant, male (per 1,000 live births)",SP.DYN.IMRT.MA.IN,182,176.1,170.1,164.2,158.4,153.2,148.5,144.2,140.1,136.2,132.4,128.8,125.3,121.9,118.3,114.7,110.8,106.9,103,99,95,90.8,86.7,82.7,78.8,75,71.4,68,64.7,61.6,58.6,55.6,52.8,49.9,47.1,44.5,41.9,39.4,37.1,34.8,32.6,30.5,28.5,26.7,24.9,23.2,21.7,20.2,18.8,17.5,16.4,15.2,14.3,13.4,12.6,11.8,11.1,10.4,9.8,9.2,8.7,
Tuvalu,TUV,"Mortality rate, infant, male (per 1,000 live births)",SP.DYN.IMRT.MA.IN,124.2,119.3,114.7,110.2,105.7,101.5,97.4,93.6,89.8,86.1,82.5,79,75.4,71.9,68.5,65.1,62.2,59.6,57.3,55.2,53.4,51.9,50.5,49.3,48.3,47.7,47.2,46.9,46.5,46.2,45.8,45.4,44.9,44.3,43.6,42.8,41.8,40.8,39.8,38.8,37.9,37.1,36.4,35.8,35.1,34.3,33.4,32.4,31.2,30.1,28.9,27.9,27,26.1,25.3,24.4,23.7,23,22.3,21.5,20.9,
Tanzania,TZA,"Mortality rate, infant, male (per 1,000 live births)",SP.DYN.IMRT.MA.IN,150.5,149.4,148.1,146.8,145.3,143.7,141.8,139.9,138,136.1,134.2,132.3,130.2,128,125.7,123.3,120.8,118.4,116.1,114.4,113.3,112.7,112.5,112.5,112.4,111.9,110.9,109.5,108,106.3,104.8,103.4,102.2,101.1,99.9,98.4,96.5,94,91,87.3,83,78.4,73.9,69.6,65.8,62.3,59.6,56.7,54.7,52.3,50.6,49,47.4,46.3,45.2,44.2,42.9,41.3,39.8,38.8,37.7,
Uganda,UGA,"Mortality rate, infant, male (per 1,000 live births)",SP.DYN.IMRT.MA.IN,140.6,138.4,136.3,134.3,132.3,130.4,128.5,126.9,125.2,123.9,123.2,122.9,123.4,124.4,126.1,128.3,130.7,133.2,135.4,136.8,137.9,137,134.3,130.8,127.2,124.2,121.9,119.9,118.2,116.5,114.2,111.8,109.3,107.2,105.5,104.5,103.5,102.1,100.2,97.6,94.3,90.3,85.9,81,76.1,71.4,67,63.1,59.5,56.9,54.1,51.5,48.5,46.6,44.6,42.8,41,39.3,37.6,36.4,35.1,
Ukraine,UKR,"Mortality rate, infant, male (per 1,000 live births)",SP.DYN.IMRT.MA.IN,,,,,,,,,,,,30.2,29.3,28.6,27.8,27.2,26.6,26.2,25.7,25.2,24.7,24.1,23.4,22.6,21.7,21,20.2,19.5,19,18.6,18.4,18.4,18.6,18.8,19.1,19.2,19.3,19.1,18.7,18.1,17.4,16.7,15.9,15.1,14.4,13.9,13.3,12.8,12.3,11.7,11.2,10.6,10.1,9.7,9.3,9,8.7,8.4,8.1,7.9,7.6,
Upper middle income,UMC,"Mortality rate, infant, male (per 1,000 live births)",SP.DYN.IMRT.MA.IN,,,,,,,,,,,,,,,,,,,,,,,,,,,,,,,44,43.3,42.4,41.2,40,38.6,37.1,35.6,34,32.4,30.7,29,27.2,25.6,24,22.4,21,19.7,18.5,17.3,16.2,15.3,14.5,13.7,13,12.4,11.9,11.2,10.7,10.3,9.9,
Uruguay,URY,"Mortality rate, infant, male (per 1,000 live births)",SP.DYN.IMRT.MA.IN,62.3,61.3,60,58.8,57.8,57.3,56.7,56.2,55.6,54.6,53.4,52.4,52.4,53.1,53.8,53.9,53,50.5,47.1,42.9,38.7,35,32.3,30.3,29,27.9,26.9,25.7,24.5,23.3,22.4,21.7,21.2,20.9,20.6,20.1,19.5,18.7,17.9,17.1,16.6,16.1,15.7,15.3,14.7,13.9,13,12.2,11.4,10.8,10.3,9.9,9.6,9.3,8.9,8.5,8,7.5,6.9,6.4,5.9,
United States,USA,"Mortality rate, infant, male (per 1,000 live births)",SP.DYN.IMRT.MA.IN,29.2,28.6,28.1,27.5,26.8,26.1,25.5,24.8,24,23.2,22.3,21.4,20.6,19.6,18.7,17.7,16.8,16.1,15.3,14.6,14,13.4,12.9,12.4,12.1,11.9,11.6,11.3,11,10.7,10.4,10.1,9.7,9.4,9,8.7,8.4,8.2,8,7.9,7.8,7.7,7.6,7.6,7.5,7.4,7.3,7.2,7.1,7,6.8,6.7,6.6,6.5,6.4,6.3,6.2,6.2,6.1,6,5.9,
Uzbekistan,UZB,"Mortality rate, infant, male (per 1,000 live births)",SP.DYN.IMRT.MA.IN,,,,,,,,,,,,,,,,,,,,108.3,101.8,95.7,90.2,85.1,80.5,76.4,72.9,69.9,67.7,66.3,65.8,65.6,65.5,65.5,65.4,64.8,64.1,63,61.6,59.8,57.4,54.8,51.8,48.7,45.5,42.4,39.5,36.6,33.9,31.3,28.9,26.7,24.6,22.8,21.1,19.6,18.3,17.1,16,15.1,14.1,
St. Vincent and the Grenadines,VCT,"Mortality rate, infant, male (per 1,000 live births)",SP.DYN.IMRT.MA.IN,118.4,112.4,104.4,95.6,86.7,78.6,71.7,66,61.7,58.8,57.4,57.1,57.7,58.8,59.7,59.6,58.2,55.6,51.9,47.9,43.9,40,36.4,33.1,30.2,27.7,25.7,24,22.7,21.8,21.1,20.6,20.3,20.1,20.1,20.2,20.3,20.5,20.6,20.7,20.7,20.6,20.6,20.6,20.5,20.5,20.4,20.3,20,19.7,19.3,18.7,18.2,17.6,17.1,16.5,16,15.5,15,14.5,14,
"Venezuela, RB",VEN,"Mortality rate, infant, male (per 1,000 live births)",SP.DYN.IMRT.MA.IN,65.1,63.3,61.8,60.4,59.2,58.2,57.3,56.4,55.4,54.4,53.2,51.8,50.4,49,47.6,46.3,44.9,43.5,42,40.5,39,37.6,36.3,35.1,33.9,32.9,31.8,30.7,29.5,28.4,27.3,26.4,25.6,25.1,24.9,24.6,24,23.2,22.3,35.3,20.6,19.9,19.3,18.8,18.3,17.7,17.2,16.8,16.5,16.3,16.3,16.4,16.6,16.8,17.2,18.2,22.8,22.9,22.8,22.9,22.8,
British Virgin Islands,VGB,"Mortality rate, infant, male (per 1,000 live births)",SP.DYN.IMRT.MA.IN,,,,,,,,,,,,,,,,,,,,,,,,,,,,,,,,,,,,,,,,,,,,,,,,,,,,,,,,,,,,,,
Virgin Islands (U.S.),VIR,"Mortality rate, infant, male (per 1,000 live births)",SP.DYN.IMRT.MA.IN,,,,,,,,,,,,,,,,,,,,,,,,,,,,,,,,,,,,,,,,,,,,,,,,,,,,,,,,,,,,,,
Vietnam,VNM,"Mortality rate, infant, male (per 1,000 live births)",SP.DYN.IMRT.MA.IN,,,,,63.6,63.2,62.8,62.4,61.9,61.5,60.9,60.4,59.7,59,58.3,57.4,56.6,55.6,54.6,53.6,52.6,51.6,50.8,49.9,49.1,48.3,47.3,46.1,44.8,43.4,41.9,40.3,38.6,37,35.3,33.6,32,30.5,29.1,27.9,26.7,25.7,24.7,23.9,23.2,22.6,22.1,21.7,21.3,21,20.8,20.5,20.3,20.1,19.9,19.7,19.5,19.4,19.2,19.1,18.9,
Vanuatu,VUT,"Mortality rate, infant, male (per 1,000 live births)",SP.DYN.IMRT.MA.IN,110.5,108.1,105.5,102.7,99.8,96.6,93.5,90.3,87.3,84.2,81.3,78.4,75.6,73,70.5,68.1,65.5,63,60.4,57.7,54.9,51.9,48.9,45.9,43,40.4,38,35.9,34.1,32.6,31.3,30.1,29.2,28.3,27.7,27.1,26.7,26.5,26.2,25.9,25.7,25.5,25.4,25.3,25.3,25.4,25.5,25.7,25.8,26,26.1,26.2,26.3,26.1,25.8,25.4,24.9,24.4,23.9,23.3,22.7,
World,WLD,"Mortality rate, infant, male (per 1,000 live births)",SP.DYN.IMRT.MA.IN,,,,,,,,,,,,,,,,,,,,,,,,,,,,,,,68.7,67.8,66.8,65.8,64.8,63.5,62.2,60.7,59.1,57.6,55.7,53.9,52,50.1,48.5,46.6,45,43.4,41.9,40.4,39.1,37.7,36.5,35.5,34.4,33.5,32.6,31.7,30.9,30.2,29.5,
Samoa,WSM,"Mortality rate, infant, male (per 1,000 live births)",SP.DYN.IMRT.MA.IN,82,79.2,76.6,74.1,79.1,69.8,67.6,65.4,63.1,60.8,58.5,56.2,53.9,51.7,49.6,47.5,45.5,43.5,41.6,39.9,38.3,36.8,35.5,34.2,33.1,31.9,30.8,29.8,28.9,28,27.3,26.5,25.7,25,24.2,23.4,22.6,21.9,21.2,20.5,19.8,19.3,18.8,18.5,18.3,18.1,18.1,18.1,18.2,20.5,18.2,18.1,18,17.8,17.7,17.5,17.3,17.1,16.8,16.5,16.1,
Kosovo,XKX,"Mortality rate, infant, male (per 1,000 live births)",SP.DYN.IMRT.MA.IN,,,,,,,,,,,,,,,,,,,,,,,,,,,,,,,,,,,,,,,,,,,,,,,,,,,,,,,,,,,,,,
"Yemen, Rep.",YEM,"Mortality rate, infant, male (per 1,000 live births)",SP.DYN.IMRT.MA.IN,,,,296.1,289.5,282.1,273.9,265,255.6,246.1,236.4,227.2,218.6,210.1,201.8,193.4,184.9,176,167.1,158.3,150,141.9,134.2,126.7,120.2,114.5,109.6,105.4,101.7,98.5,95.6,93.1,90.8,88.9,87.2,85.7,84.2,82.3,79.9,77.2,74.1,70.9,67.7,64.7,61.8,59.1,56.6,54.2,52,50.4,49.4,49.2,49.3,49.2,49.3,50.1,50,50,50.5,50.4,49.8,
South Africa,ZAF,"Mortality rate, infant, male (per 1,000 live births)",SP.DYN.IMRT.MA.IN,,,,,,,,,,,,,,,97.6,93.1,88.9,85,81.2,77.5,74.1,71,68,65.2,62.7,60.3,58.1,55.9,54,52.3,50.9,49.8,49.1,48.9,49.1,49.4,49.9,50.1,50.3,50.8,50.9,51.1,51.1,51.5,52.5,52.5,51.8,49.6,45.8,41,36.8,34.4,33.2,32.3,31.6,30.7,30.1,29.7,29,28.4,27.8,
Zambia,ZMB,"Mortality rate, infant, male (per 1,000 live births)",SP.DYN.IMRT.MA.IN,128.6,126.6,124.6,122.9,121.5,120.6,120,119.5,118.9,117.5,115.5,112.8,109.6,106.6,103.9,101.9,101,100.9,101.2,101.5,102.1,102.5,103.1,104.3,106.1,108.4,110.7,112.7,114.1,114.8,114.9,114.6,113.9,112.4,110.2,107.8,105.6,103.7,101.9,99.6,96.3,91.2,84.9,78.7,72.3,66.7,63,61.3,59,57.3,55.5,54.3,53.2,50.6,50,50.9,49.5,48.1,47.7,46.6,45.3,
Zimbabwe,ZWE,"Mortality rate, infant, male (per 1,000 live births)",SP.DYN.IMRT.MA.IN,101.7,99.5,97.1,94.6,92,89.6,87.4,85.5,83.8,82.6,81.7,81,80.7,80.5,80.5,80.7,80.9,80.8,80.4,79.4,77.8,75.2,71.9,68.2,64.5,61.2,58.7,57.1,56.2,55.9,56.2,57,58.3,59.7,61.1,62.4,62.6,61.8,60.5,58.9,57.6,56.6,56.2,55.8,56.6,57.1,59,60.2,60.1,59.5,57.3,56,51.3,49.4,47.4,46.6,45.1,44.2,42.9,42.1,42,
